id,title,category,price,color,inStock,img_one,img_two,img_three,img_four
13071857,Nike Air Force 1 '07,Men's Shoes,110,White,True,https://static.nike.com/a/images/t_default/e6da41fa-1be4-4ce5-b89c-22be4f1f02d4/air-force-1-07-mens-shoes-jBrhbr.png,https://static.nike.com/a/images/t_default/15bcd4d6-2636-4e9d-8b90-47d556a2cc0a/air-force-1-07-mens-shoes-jBrhbr.png,https://static.nike.com/a/images/t_default/d0ad440c-2d9b-4a58-93a4-9e2ea050fea3/air-force-1-07-mens-shoes-jBrhbr.png,https://static.nike.com/a/images/t_default/1ca41965-1f17-4133-9844-f6347262a727/air-force-1-07-mens-shoes-jBrhbr.png
13124718,Nike Air Force 1 '07,Women's Shoes,110,White,True,https://static.nike.com/a/images/t_default/e777c881-5b62-4250-92a6-362967f54cca/air-force-1-07-womens-shoes-b19lqD.png,https://static.nike.com/a/images/t_default/89a50ccb-c6d0-4e3b-b75c-b2c09ba4e22f/air-force-1-07-womens-shoes-b19lqD.png,https://static.nike.com/a/images/t_default/aad5d872-0dae-4456-890e-b377b8a33fb5/air-force-1-07-womens-shoes-b19lqD.png,https://static.nike.com/a/images/t_default/859db83a-2807-430a-9e34-9c76916e2b46/air-force-1-07-womens-shoes-b19lqD.png
13130491,Nike Air Force 1 LE,Big Kids' Shoes,90,White,True,https://static.nike.com/a/images/t_default/d9f1d9ee-a848-4a36-aab9-48b241078ebb/air-force-1-le-big-kids-shoes-3JNSvS.png,https://static.nike.com/a/images/t_default/cfa7d9c2-eaa0-4cf8-b15d-9c9d3f00474f/air-force-1-le-big-kids-shoes-3JNSvS.png,https://static.nike.com/a/images/t_default/ce230089-6f06-4e81-b3e7-0643f4b784a8/air-force-1-le-big-kids-shoes-3JNSvS.png,https://static.nike.com/a/images/t_default/015fe1e3-4593-4dc6-aa2c-bb0f543a4593/air-force-1-le-big-kids-shoes-3JNSvS.png
13932887,Nike Air Force 1 Low Retro,Men's Shoes,150,White,True,https://static.nike.com/a/images/t_default/016c2823-4d0b-4cbd-a4c0-71eb6aa2b7c5/air-force-1-low-retro-mens-shoes-1VHstQ.png,https://static.nike.com/a/images/t_default/c48af96e-40bb-4ed4-9eb3-c02f830e23a9/air-force-1-low-retro-mens-shoes-1VHstQ.png,https://static.nike.com/a/images/t_default/26835d70-88f3-47d9-9bbb-a4167c11c713/air-force-1-low-retro-mens-shoes-1VHstQ.png,https://static.nike.com/a/images/t_default/0dd9924e-f2ee-481c-a79f-bb09b9dd7eb0/air-force-1-low-retro-mens-shoes-1VHstQ.png
14234741,Nike Air Force 1 '07 Next Nature,Women's Shoes,115,White,True,https://static.nike.com/a/images/t_default/1aeb9850-aa34-4fa9-8ba0-9f875a1c36ca/air-force-1-07-next-nature-womens-shoes-fvxZ0g.png,https://static.nike.com/a/images/t_default/ef324494-39bc-4c23-aee5-a37b8efe717a/air-force-1-07-next-nature-womens-shoes-fvxZ0g.png,https://static.nike.com/a/images/t_default/fca82585-1c30-4065-959d-6073f273a573/air-force-1-07-next-nature-womens-shoes-fvxZ0g.png,https://static.nike.com/a/images/t_default/57325159-b578-49df-b909-4669385d582c/air-force-1-07-next-nature-womens-shoes-fvxZ0g.png
1010052608,Nike Air Force 1 Shadow,Women's Shoes,130,White,True,https://static.nike.com/a/images/t_default/7796e97b-30b4-4208-96fa-b4eb9747776a/air-force-1-shadow-womens-shoes-kTgn9J.png,https://static.nike.com/a/images/t_default/ff530695-488f-4668-81fe-35edb959cfd0/air-force-1-shadow-womens-shoes-kTgn9J.png,https://static.nike.com/a/images/t_default/c992c2c5-4aa9-4295-9fdb-944d27295880/air-force-1-shadow-womens-shoes-kTgn9J.png,https://static.nike.com/a/images/t_default/d0733aee-7fb8-49c4-8f10-9a202e39964a/air-force-1-shadow-womens-shoes-kTgn9J.png
1010068593,Nike Air Force 1 '07,Men's Shoes,110,White,True,https://static.nike.com/a/images/t_default/901bbbbc-5aed-4078-9a39-d129f1ee124b/air-force-1-07-mens-shoes-rXkGJX.png,https://static.nike.com/a/images/t_default/df20c969-2e39-4c1b-8696-01d424289d5b/air-force-1-07-mens-shoes-rXkGJX.png,https://static.nike.com/a/images/t_default/bac818ce-440e-43e7-88c7-30f89dd77daa/air-force-1-07-mens-shoes-rXkGJX.png,https://static.nike.com/a/images/t_default/943f8d11-fa84-4ab3-89b0-9fb32922c644/air-force-1-07-mens-shoes-rXkGJX.png
14244101,Nike Air Force 1 '07,Men's Shoes,110,White,True,https://static.nike.com/a/images/t_default/5ad0e77c-5992-418a-b8f8-7c2cc8dc2a2c/air-force-1-07-mens-shoes-vRgTMx.png,https://static.nike.com/a/images/t_default/3ebc0ecb-50f6-49ba-8ffa-d21ba662ea0e/air-force-1-07-mens-shoes-vRgTMx.png,https://static.nike.com/a/images/t_default/ec5f52a6-1b66-4c30-89c4-dc49875c48de/air-force-1-07-mens-shoes-vRgTMx.png,https://static.nike.com/a/images/t_default/10be804a-9ecf-4819-9e7b-368d6681d481/air-force-1-07-mens-shoes-vRgTMx.png
1008597348,Nike Air Force 1 '07,Women's Shoes,110,Pink,True,https://static.nike.com/a/images/t_default/0d9d86e4-11b5-43ae-8462-c7bd05096ec8/air-force-1-07-womens-shoes-PqdxJw.png,https://static.nike.com/a/images/t_default/a11dec04-7311-4cb4-ad78-12fab7af67bd/air-force-1-07-womens-shoes-PqdxJw.png,https://static.nike.com/a/images/t_default/49f3d199-5c4a-42bc-8d4f-57ba0836619e/air-force-1-07-womens-shoes-PqdxJw.png,https://static.nike.com/a/images/t_default/0d91b631-2815-42a8-a06f-90fec2d36336/air-force-1-07-womens-shoes-PqdxJw.png
13027510,Nike Air Force 1,Big Kids' Shoes,90,White,True,https://static.nike.com/a/images/t_default/1aa3abc4-692e-466b-b985-570a178f25ef/air-force-1-big-kids-shoes-M7mcL9.png,https://static.nike.com/a/images/t_default/2765a4d1-0749-4504-9f6e-aedfa3de82cf/air-force-1-big-kids-shoes-M7mcL9.png,https://static.nike.com/a/images/t_default/06eb06bd-2f00-489b-9379-a378ac6f1d93/air-force-1-big-kids-shoes-M7mcL9.png,https://static.nike.com/a/images/t_default/6cd3dbe1-c011-470b-8ec5-d2828751e03f/air-force-1-big-kids-shoes-M7mcL9.png
14244259,Nike Air Force 1 '07 Fresh,Men's Shoes,140,Black,True,https://static.nike.com/a/images/t_default/351a4358-8bf2-4c76-b50a-5de70495375d/air-force-1-07-fresh-mens-shoes-QTWGkm.png,https://static.nike.com/a/images/t_default/d94608ce-53cd-4064-a073-f9ffcad2b6e6/air-force-1-07-fresh-mens-shoes-QTWGkm.png,https://static.nike.com/a/images/t_default/474f8870-a63b-4a23-8eb6-8049d56a7e2f/air-force-1-07-fresh-mens-shoes-QTWGkm.png,https://static.nike.com/a/images/t_default/a431f1f0-6bc9-4843-bcff-aee8bc1c4a85/air-force-1-07-fresh-mens-shoes-QTWGkm.png
14072838,Nike Air Force 1 Low Retro QS,Men's Shoes,150,White,True,https://static.nike.com/a/images/t_default/eda869cc-9789-40ec-abb1-ddffff3ee22f/air-force-1-low-retro-qs-mens-shoes-XZG2zG.png,https://static.nike.com/a/images/t_default/bc664daa-d17b-4fa9-8e2f-7d82ddd49685/air-force-1-low-retro-qs-mens-shoes-XZG2zG.png,https://static.nike.com/a/images/t_default/f9e4599f-07ac-4878-b1ce-90e25da82eab/air-force-1-low-retro-qs-mens-shoes-XZG2zG.png,https://static.nike.com/a/images/t_default/7ec18f60-3b6a-451f-a0b5-f4c4ff6b1450/air-force-1-low-retro-qs-mens-shoes-XZG2zG.png
14234555,Nike Air Force 1 High,Women's Shoes,125,Grey,True,https://static.nike.com/a/images/t_default/da1f536b-0d25-4da0-b841-7c19c5be94c2/air-force-1-high-womens-shoes-vBhHD4.png,https://static.nike.com/a/images/t_default/8f0e6676-7297-486d-9fa7-e4d67d9be83a/air-force-1-high-womens-shoes-vBhHD4.png,https://static.nike.com/a/images/t_default/2ce7b336-ef99-48f3-8b55-4a52e5db25f3/air-force-1-high-womens-shoes-vBhHD4.png,https://static.nike.com/a/images/t_default/d95e77ac-a4de-4bba-ba7d-e3776a55325f/air-force-1-high-womens-shoes-vBhHD4.png
1003839121,Nike Air Force 1 '07 SE,Women's Shoes,120,White,True,https://static.nike.com/a/images/t_default/d8163d74-4903-4892-a5c7-f4b8fd1a9c89/air-force-1-07-se-womens-shoes-58VkQV.png,https://static.nike.com/a/images/t_default/3d6aa1b2-5d25-455f-8183-183baeda0fe8/air-force-1-07-se-womens-shoes-58VkQV.png,https://static.nike.com/a/images/t_default/ff7c5ebc-0509-4abf-997f-91ab9a234385/air-force-1-07-se-womens-shoes-58VkQV.png,https://static.nike.com/a/images/t_default/f0ceff76-a16e-49e2-a816-28ac759a951c/air-force-1-07-se-womens-shoes-58VkQV.png
1000197004,Nike Air Force 1 '07 LX,Men's Shoes,140,Brown,True,https://static.nike.com/a/images/t_default/abbbec14-4ef1-4cf9-9fc8-bbe1cfa9a00f/air-force-1-07-lx-mens-shoes-7Xt6gz.png,https://static.nike.com/a/images/t_default/997e9ce6-652e-4508-8825-b8fa3cc7c945/air-force-1-07-lx-mens-shoes-7Xt6gz.png,https://static.nike.com/a/images/t_default/21e56c17-7f8a-4196-abcb-9c511887a6e3/air-force-1-07-lx-mens-shoes-7Xt6gz.png,https://static.nike.com/a/images/t_default/e1e528be-6b35-4d0b-9459-0b0ec773fa68/air-force-1-07-lx-mens-shoes-7Xt6gz.png
1007841168,Nike Air Force 1 '07 FlyEase,Shoes,110,White,True,https://static.nike.com/a/images/t_default/f8dfa191-60b3-44c1-b730-b25e0a908c35/air-force-1-07-flyease-shoes-vpmlK3.png,https://static.nike.com/a/images/t_default/d868548b-5e08-4010-83d1-a04c33b990f9/air-force-1-07-flyease-shoes-vpmlK3.png,https://static.nike.com/a/images/t_default/396214e8-eace-44f8-a15b-ea80c5115a34/air-force-1-07-flyease-shoes-vpmlK3.png,https://static.nike.com/a/images/t_default/c61d9d13-46ff-4ce0-bab2-87c22bf126bb/air-force-1-07-flyease-shoes-vpmlK3.png
1007832680,Nike Air Force 1 '07 LV8,Men's Shoes,130,White,True,https://static.nike.com/a/images/t_default/fc01e3ac-b2d0-4543-b254-6ea989731c1b/air-force-1-07-lv8-mens-shoes-ZvGj5Q.png,https://static.nike.com/a/images/t_default/17cf2fad-c70a-4c8f-ae67-3173e1aa7d64/air-force-1-07-lv8-mens-shoes-ZvGj5Q.png,https://static.nike.com/a/images/t_default/0388a5d0-7755-4b51-af94-42c5a2724e01/air-force-1-07-lv8-mens-shoes-ZvGj5Q.png,https://static.nike.com/a/images/t_default/cd4e3b93-2440-4074-bb39-7c2a6019de69/air-force-1-07-lv8-mens-shoes-ZvGj5Q.png
1010123523,Nike Air Force 1 PLT.AF.ORM,Women's Shoes,120,White,True,https://static.nike.com/a/images/t_default/66543e62-d746-4b3c-9813-7426da4880a1/air-force-1-pltaform-womens-shoes-XL2m2Q.png,https://static.nike.com/a/images/t_default/6112c543-6940-44d2-bdc5-3bc60e4f918d/air-force-1-pltaform-womens-shoes-XL2m2Q.png,https://static.nike.com/a/images/t_default/f1dffddb-2b33-4e50-bcec-7bbcd132c765/air-force-1-pltaform-womens-shoes-XL2m2Q.png,https://static.nike.com/a/images/t_default/d3fe6822-7bbf-4475-90a0-a6a7af763c1b/air-force-1-pltaform-womens-shoes-XL2m2Q.png
1009174614,Nike Air Force 1 Impact Next Nature,Big Kids' Shoes,100,White,True,https://static.nike.com/a/images/t_default/da532aa3-8096-4859-91f4-b98bf1189ec1/air-force-1-impact-next-nature-big-kids-shoes-kqDRpb.png,https://static.nike.com/a/images/t_default/0adaa284-b436-4a96-9429-82e51c87bb8d/air-force-1-impact-next-nature-big-kids-shoes-kqDRpb.png,https://static.nike.com/a/images/t_default/b8eeeb26-0bc4-4b11-b09b-e25b175f0181/air-force-1-impact-next-nature-big-kids-shoes-kqDRpb.png,https://static.nike.com/a/images/t_default/18c25b06-c7a1-46ad-b0b3-9ce966baa12a/air-force-1-impact-next-nature-big-kids-shoes-kqDRpb.png
13722325,Nike Air Force 1 Luxe,Men's Shoes,140,White,True,https://static.nike.com/a/images/t_default/c6d55fea-37cf-4dd8-bbca-55e22809bcd4/air-force-1-luxe-mens-shoes-7Fvcvq.png,https://static.nike.com/a/images/t_default/3ba6bbaf-f516-4303-9d06-396a6fceb5a4/air-force-1-luxe-mens-shoes-7Fvcvq.png,https://static.nike.com/a/images/t_default/ba93fafe-d524-4d0e-bddf-7e1315e51ecb/air-force-1-luxe-mens-shoes-7Fvcvq.png,https://static.nike.com/a/images/t_default/04cd3077-9118-4261-8b87-ef743d43eb09/air-force-1-luxe-mens-shoes-7Fvcvq.png
1010165765,Nike Air Force 1,Big Kids' Shoes,90,White,True,https://static.nike.com/a/images/t_default/2594670a-120c-4ea6-8288-7b5f5b87623e/air-force-1-big-kids-shoes-km6NJj.png,https://static.nike.com/a/images/t_default/b155957e-6105-4fb6-90f7-5fb5d98ef9fc/air-force-1-big-kids-shoes-km6NJj.png,https://static.nike.com/a/images/t_default/00cd14fe-06ac-468f-833b-8498770bbf03/air-force-1-big-kids-shoes-km6NJj.png,https://static.nike.com/a/images/t_default/e7af45ae-4cba-4fb6-9baa-12ea4db5848a/air-force-1-big-kids-shoes-km6NJj.png
1000197439,Nike Air Force 1 Mid '07 LX,Men's Shoes,150,Brown,True,https://static.nike.com/a/images/t_default/f190a992-411a-4990-bf8d-0e6023e937fe/air-force-1-mid-07-lx-mens-shoes-QpdMmT.png,https://static.nike.com/a/images/t_default/77973f30-943d-4a14-a2e2-b17712102bf3/air-force-1-mid-07-lx-mens-shoes-QpdMmT.png,https://static.nike.com/a/images/t_default/33167387-cb6b-4c7f-bc5d-96cbcdce8514/air-force-1-mid-07-lx-mens-shoes-QpdMmT.png,https://static.nike.com/a/images/t_default/b636fff4-e7e0-4dda-9936-93d2636056ff/air-force-1-mid-07-lx-mens-shoes-QpdMmT.png
1000197442,Nike Air Force 1 '07 LV8,Men's Shoes,130,Brown,True,https://static.nike.com/a/images/t_default/2c4fa3b6-e3a2-46e5-ad25-a110bc16f050/air-force-1-07-lv8-mens-shoes-qBw7N1.png,https://static.nike.com/a/images/t_default/4fe4c02a-7631-45cf-bcad-c9f5d4ba7747/air-force-1-07-lv8-mens-shoes-qBw7N1.png,https://static.nike.com/a/images/t_default/ba4699da-6992-4f52-aefa-b9a62b9a29dd/air-force-1-07-lv8-mens-shoes-qBw7N1.png,https://static.nike.com/a/images/t_default/df47ccc9-76f4-49d0-b50a-5c25d070e0bf/air-force-1-07-lv8-mens-shoes-qBw7N1.png
12723224,Nike Air Force 1 '07 WB,Men's Shoes,140,Brown,True,https://static.nike.com/a/images/t_default/zjrheo7cjgrv6opt8txu/air-force-1-07-wb-mens-shoes-txRBM6.png,https://static.nike.com/a/images/t_default/evyoqwljtfqx3cqofmgi/air-force-1-07-wb-mens-shoes-txRBM6.png,https://static.nike.com/a/images/t_default/ojiggiqtaphcliqawpmw/air-force-1-07-wb-mens-shoes-txRBM6.png,https://static.nike.com/a/images/t_default/wmlafidl7wjtgpa7x4y4/air-force-1-07-wb-mens-shoes-txRBM6.png
13071860,Nike Air Force 1 Mid '07,Men's Shoes,120,White,True,https://static.nike.com/a/images/t_default/0447d3b3-28d3-4ba3-a6d6-deb0b21558af/air-force-1-mid-07-mens-shoes-S1QClz.png,https://static.nike.com/a/images/t_default/d2bcd610-e138-4c0c-9180-6cb21b01293f/air-force-1-mid-07-mens-shoes-S1QClz.png,https://static.nike.com/a/images/t_default/962c8aec-d68a-4e9a-a02e-2d704d76c4b4/air-force-1-mid-07-mens-shoes-S1QClz.png,https://static.nike.com/a/images/t_default/4e65a68e-b44a-42c0-ad9a-9426aa9be171/air-force-1-mid-07-mens-shoes-S1QClz.png
14217977,Nike Air Force 1 '07,Men's Shoes,110,Black,True,https://static.nike.com/a/images/t_default/b7cf5b56-f924-488a-9fb0-65efcca79cc4/air-force-1-07-mens-shoes-5xqQ6q.png,https://static.nike.com/a/images/t_default/a3ec4373-34ef-470c-a71b-071126256d74/air-force-1-07-mens-shoes-5xqQ6q.png,https://static.nike.com/a/images/t_default/f5161fd9-7f63-49f9-831f-fa1d4c0e4f4d/air-force-1-07-mens-shoes-5xqQ6q.png,https://static.nike.com/a/images/t_default/b46f9110-3825-4849-ac9f-1f82906bf9ff/air-force-1-07-mens-shoes-5xqQ6q.png
1009406297,Nike Air Force 1 Low By You,Custom Women's Shoes,130,Multi-Color,True,https://static.nike.com/a/images/t_default/e619a2e8-9ae5-48bc-b37e-ce83b265bac6/custom-nike-air-force-1-low-by-you.png,https://static.nike.com/a/images/t_default/f2ead550-d719-488a-8ab6-69d29c691fc1/custom-nike-air-force-1-low-by-you.png,https://static.nike.com/a/images/t_default/7d5117aa-0c08-45e9-9473-41d2e580f1f5/custom-nike-air-force-1-low-by-you.png,https://static.nike.com/a/images/t_default/83328e80-133a-474c-9416-d61f039f01d7/custom-nike-air-force-1-low-by-you.png
1009406297,Nike Air Force 1 Low By You,Custom Women's Shoes,130,Multi-Color,True,https://static.nike.com/a/images/t_default/8ff8c43b-998e-44ba-af25-b2af20a80631/custom-nike-air-force-1-low-by-you.png,https://static.nike.com/a/images/t_default/37e409f0-d4f4-49fc-911b-c54d9b3fa228/custom-nike-air-force-1-low-by-you.png,https://static.nike.com/a/images/t_default/bdd74410-4b76-48f9-b3e1-f611f8cdc824/custom-nike-air-force-1-low-by-you.png,https://static.nike.com/a/images/t_default/ea67fc59-d76e-4f2b-9461-9d63abdb16d2/custom-nike-air-force-1-low-by-you.png
1009406297,Nike Air Force 1 Low By You,Custom Women's Shoes,130,Multi-Color,True,https://static.nike.com/a/images/t_default/7107b5de-78e1-43f8-899e-232a88c8bd53/custom-nike-air-force-1-low-by-you.png,https://static.nike.com/a/images/t_default/8b0523e6-ffde-497c-8b3e-7823e41e6615/custom-nike-air-force-1-low-by-you.png,https://static.nike.com/a/images/t_default/2510bf3e-4207-4694-a0a6-189e2f7ff2d4/custom-nike-air-force-1-low-by-you.png,https://static.nike.com/a/images/t_default/5fb96d97-8fc8-4812-be25-e976c46634a0/custom-nike-air-force-1-low-by-you.png
1009406297,Nike Air Force 1 Low By You,Custom Women's Shoes,130,Multi-Color,True,https://static.nike.com/a/images/t_default/23878266-e11b-4ee0-b33f-7841f61a99fc/custom-nike-air-force-1-low-by-you.png,https://static.nike.com/a/images/t_default/453c1a8f-a2cc-4467-90f6-4f1647844890/custom-nike-air-force-1-low-by-you.png,https://static.nike.com/a/images/t_default/da03aea2-1e83-4298-95ee-284b50a0e690/custom-nike-air-force-1-low-by-you.png,https://static.nike.com/a/images/t_default/13c2546f-568d-4318-8f80-cfb9990fd8af/custom-nike-air-force-1-low-by-you.png
1011845689,Nike Air Force 1 '07,Men's Shoes,110,White,True,https://static.nike.com/a/images/t_default/fa6677c9-6db3-43c6-9e16-74305ea5a691/air-force-1-07-mens-shoes-gtJkpn.png,https://static.nike.com/a/images/t_default/57954a1f-86db-4efa-aa04-232be6031394/air-force-1-07-mens-shoes-gtJkpn.png,https://static.nike.com/a/images/t_default/927c7147-69a5-492a-8e4e-66d967de1f22/air-force-1-07-mens-shoes-gtJkpn.png,https://static.nike.com/a/images/t_default/9e9141c8-927f-45da-bf05-446300b5f0f4/air-force-1-07-mens-shoes-gtJkpn.png
1010242280,Nike Air Force 1 Low,Men's Shoes,140,White,True,https://static.nike.com/a/images/t_default/bde46d4f-fad2-4409-ab67-8d7a73e80cf7/air-force-1-low-mens-shoes-rjk6kq.png,https://static.nike.com/a/images/t_default/6fd3edad-d692-4064-bdc9-079d67846c09/air-force-1-low-mens-shoes-rjk6kq.png,https://static.nike.com/a/images/t_default/9401ab91-4b3f-4564-90e8-05ba4f0334e9/air-force-1-low-mens-shoes-rjk6kq.png,https://static.nike.com/a/images/t_default/e5225b64-073b-4ea2-bcda-2e33cf67cc41/air-force-1-low-mens-shoes-rjk6kq.png
1007491392,Nike Air Force 1 LV8 3,Big Kids' Shoes,95,Black,True,https://static.nike.com/a/images/t_default/57b13e63-40af-4c6c-8a12-522b65775b9f/air-force-1-lv8-3-big-kids-shoes-LDL8MM.png,https://static.nike.com/a/images/t_default/94e6b8f1-6297-4dbd-9894-b3a7e3790e6b/air-force-1-lv8-3-big-kids-shoes-LDL8MM.png,https://static.nike.com/a/images/t_default/082c3a3d-03fa-414e-9955-e3eda1bb060f/air-force-1-lv8-3-big-kids-shoes-LDL8MM.png,https://static.nike.com/a/images/t_default/c0687c30-13a6-4a65-a70b-7978252c4ce7/air-force-1-lv8-3-big-kids-shoes-LDL8MM.png
1003839172,Nike Air Force 1 Premium,Women's Shoes,130,Brown,True,https://static.nike.com/a/images/t_default/e998232a-c620-4b84-b294-fa40cc23ecac/air-force-1-premium-womens-shoes-DxRG97.png,https://static.nike.com/a/images/t_default/c59303cf-7f2e-4a01-adec-ba18da7fa79b/air-force-1-premium-womens-shoes-DxRG97.png,https://static.nike.com/a/images/t_default/5ffcd9d6-0ecf-43f2-a5a7-3a71812f7fe0/air-force-1-premium-womens-shoes-DxRG97.png,https://static.nike.com/a/images/t_default/4cceb971-d084-4ba3-9f2c-2bcc177b2a93/air-force-1-premium-womens-shoes-DxRG97.png
13935884,Nike Air Force 1 React,Men's Shoes,140,White,True,https://static.nike.com/a/images/t_default/1c67261f-7263-4fdc-8bef-39c928807fe2/air-force-1-react-mens-shoes-WSjfs8.png,https://static.nike.com/a/images/t_default/b4ea4aff-443e-412f-a507-54645b42e776/air-force-1-react-mens-shoes-WSjfs8.png,https://static.nike.com/a/images/t_default/4ca98208-91b7-45d5-a736-b8e63681b059/air-force-1-react-mens-shoes-WSjfs8.png,https://static.nike.com/a/images/t_default/a25e3835-2536-45b9-974b-22d707e6b94a/air-force-1-react-mens-shoes-WSjfs8.png
14253934,Nike Air Force 1 '07 FlyEase,Women's Shoes,110,White,True,https://static.nike.com/a/images/t_default/f153b4e4-9069-44ae-bf86-f70ae8ecbaa1/air-force-1-07-flyease-womens-shoes-q2Nz01.png,https://static.nike.com/a/images/t_default/9ce8c436-042f-4fc1-af71-f702cba3cbe0/air-force-1-07-flyease-womens-shoes-q2Nz01.png,https://static.nike.com/a/images/t_default/140ba9e6-cac4-474e-91f9-79b3a3f77a71/air-force-1-07-flyease-womens-shoes-q2Nz01.png,https://static.nike.com/a/images/t_default/aac75ab7-dd4d-40fa-8ab3-ed6cff1b7083/air-force-1-07-flyease-womens-shoes-q2Nz01.png
1010243496,Nike Force 1 Low ASW,Little Kids' Shoes,75,White,True,https://static.nike.com/a/images/t_default/742e2f04-b7d0-499e-b4f6-e1e9ad36dd23/force-1-low-asw-little-kids-shoes-gRcv7N.png,https://static.nike.com/a/images/t_default/26763a8d-d762-43a3-b388-245613246b9e/force-1-low-asw-little-kids-shoes-gRcv7N.png,https://static.nike.com/a/images/t_default/d514387b-163c-41e8-90f3-f8ff8cfd14af/force-1-low-asw-little-kids-shoes-gRcv7N.png,https://static.nike.com/a/images/t_default/b874caa5-c274-4ac8-87ce-0af3a5e0b81a/force-1-low-asw-little-kids-shoes-gRcv7N.png
12898968,Nike Air Force 1 '07 LV8 1,Men's Shoes,130,Red,True,https://static.nike.com/a/images/t_default/fdeb34c8-a6bf-4530-9145-b6cfea5dd963/air-force-1-07-lv8-1-mens-shoes-x0bMdL.png,https://static.nike.com/a/images/t_default/1506eab2-6234-4c83-b0ee-c4cc41b43ad0/air-force-1-07-lv8-1-mens-shoes-x0bMdL.png,https://static.nike.com/a/images/t_default/3b3b2129-6adc-4c43-9922-9d3f66e50ed5/air-force-1-07-lv8-1-mens-shoes-x0bMdL.png,https://static.nike.com/a/images/t_default/23c28a4e-d15e-406f-81f1-e1af82d53db2/air-force-1-07-lv8-1-mens-shoes-x0bMdL.png
13071867,Nike Air Force 1 High '07,Men's Shoes,125,White,True,https://static.nike.com/a/images/t_default/6a91c26b-7471-459d-91c5-30665fdc144c/air-force-1-high-07-mens-shoes-CGjvNW.png,https://static.nike.com/a/images/t_default/37ec8a24-e594-4dc7-8185-f3714968a503/air-force-1-high-07-mens-shoes-CGjvNW.png,https://static.nike.com/a/images/t_default/ba790d7b-23ba-4cf7-85b0-7042e1f536b1/air-force-1-high-07-mens-shoes-CGjvNW.png,https://static.nike.com/a/images/t_default/013c6a11-d424-4e6b-97bb-23106868c3ff/air-force-1-high-07-mens-shoes-CGjvNW.png
1007486158,Nike Air Force 1,Big Kids' Shoes,90,White,True,https://static.nike.com/a/images/t_default/599babb4-1dfe-4b90-be4d-e4f27b44e88c/air-force-1-big-kids-shoes-k4BQ8C.png,https://static.nike.com/a/images/t_default/dc6b1313-ffd2-4e27-9436-35966f551a1d/air-force-1-big-kids-shoes-k4BQ8C.png,https://static.nike.com/a/images/t_default/db6c03ae-6ab0-4b79-a877-27185a4af6bb/air-force-1-big-kids-shoes-k4BQ8C.png,https://static.nike.com/a/images/t_default/4dee2ed8-9f30-4e55-8ff4-e48e6a016887/air-force-1-big-kids-shoes-k4BQ8C.png
1008590685,Nike Air Force 1 '07 Mid,Women's Shoes,120,White,True,https://static.nike.com/a/images/t_default/92511553-5c5c-4da6-96da-96a51dc701ed/air-force-1-07-mid-womens-shoes-2NP34w.png,https://static.nike.com/a/images/t_default/7fe02993-dd62-46dd-8199-9826dce891ec/air-force-1-07-mid-womens-shoes-2NP34w.png,https://static.nike.com/a/images/t_default/d8a7a0b8-7d01-4bdc-8169-551cc1860bca/air-force-1-07-mid-womens-shoes-2NP34w.png,https://static.nike.com/a/images/t_default/324beff1-c944-4a6b-9096-9191498855a9/air-force-1-07-mid-womens-shoes-2NP34w.png
13153255,Nike Air Force 1 '07,Men's Shoes,110,White,True,https://static.nike.com/a/images/t_default/3c9839ad-9907-477e-8d9e-4347d155c726/air-force-1-07-mens-shoes-PN6jnS.png,https://static.nike.com/a/images/t_default/45775428-ae05-4aef-83d8-6dd270a83170/air-force-1-07-mens-shoes-PN6jnS.png,https://static.nike.com/a/images/t_default/c0c1efd6-0efe-478f-b4c7-2c687e3a05ea/air-force-1-07-mens-shoes-PN6jnS.png,https://static.nike.com/a/images/t_default/6c828c94-d74c-455d-a706-ac35ffc002d2/air-force-1-07-mens-shoes-PN6jnS.png
13130559,Nike Force 1 LE,Little Kids' Shoes,70,Black,True,https://static.nike.com/a/images/t_default/8d2c081b-ac13-44d4-9ca3-1a70ee605634/force-1-le-little-kids-shoes-d0vJBr.png,https://static.nike.com/a/images/t_default/db19ec96-2c4f-4fc3-a521-649225f79c02/force-1-le-little-kids-shoes-d0vJBr.png,https://static.nike.com/a/images/t_default/e480ead0-e6c4-4bf9-b8d0-70f21febe3b8/force-1-le-little-kids-shoes-d0vJBr.png,https://static.nike.com/a/images/t_default/f1792e67-ce02-4b9a-bda6-37bd6eb741d7/force-1-le-little-kids-shoes-d0vJBr.png
14262477,Nike Air Force 1 '07 LX,Men's Shoes,140,Brown,True,https://static.nike.com/a/images/t_default/d92ecc39-44b3-44c4-8666-0e4cf276eaa6/air-force-1-07-lx-mens-shoes-D2ZCMj.png,https://static.nike.com/a/images/t_default/ebf504de-d611-437a-a515-8807d3ba9f30/air-force-1-07-lx-mens-shoes-D2ZCMj.png,https://static.nike.com/a/images/t_default/efde6547-2a5e-4ad0-b401-6ccdd8e515bf/air-force-1-07-lx-mens-shoes-D2ZCMj.png,https://static.nike.com/a/images/t_default/baa74620-313f-45a2-b1e8-1327518e0cdb/air-force-1-07-lx-mens-shoes-D2ZCMj.png
1011815359,Nike Air Force 1 '07 LV8,Men's Shoes,130,White,True,https://static.nike.com/a/images/t_default/b0dd55f2-4ff1-4388-a4f3-4e884a0721f8/air-force-1-07-lv8-mens-shoes-9WB5bx.png,https://static.nike.com/a/images/t_default/35beeb6d-8b41-499a-aded-4bf9f1b18cf4/air-force-1-07-lv8-mens-shoes-9WB5bx.png,https://static.nike.com/a/images/t_default/c58f62d3-e409-4b6b-b5a9-346bb8ca3977/air-force-1-07-lv8-mens-shoes-9WB5bx.png,https://static.nike.com/a/images/t_default/0b6c8aaa-2fad-44f5-b2de-b06ec4f9dd8d/air-force-1-07-lv8-mens-shoes-9WB5bx.png
14266239,Nike Air Force 1 LV8,Big Kids' Shoes,100,Black,True,https://static.nike.com/a/images/t_default/db1701b1-249b-4aba-ab7d-c5a78c981321/air-force-1-lv8-big-kids-shoes-2TVBPx.png,https://static.nike.com/a/images/t_default/80189161-3c35-4a66-9d56-9de3b66b9146/air-force-1-lv8-big-kids-shoes-2TVBPx.png,https://static.nike.com/a/images/t_default/b96828cf-6030-4467-8439-849bd11345ab/air-force-1-lv8-big-kids-shoes-2TVBPx.png,https://static.nike.com/a/images/t_default/b15f1581-5f3a-4504-8595-6892ab82afb9/air-force-1-lv8-big-kids-shoes-2TVBPx.png
1000197443,Nike Air Force 1 '07,Men's Shoes,110,Brown,True,https://static.nike.com/a/images/t_default/b6a095e1-d80b-4a28-b0d4-fdc3c098c95c/air-force-1-07-mens-shoes-6HPpcT.png,https://static.nike.com/a/images/t_default/7f26eb88-02cd-4f6f-916d-f048224c74f1/air-force-1-07-mens-shoes-6HPpcT.png,https://static.nike.com/a/images/t_default/81745f40-32aa-4583-a06d-9c729cc2f49f/air-force-1-07-mens-shoes-6HPpcT.png,https://static.nike.com/a/images/t_default/9875d8fc-a05d-4d52-9533-846f0ac668ab/air-force-1-07-mens-shoes-6HPpcT.png
1000197001,Nike Air Force 1 '07 LV8 EMB,Men's Shoes,130,White,True,https://static.nike.com/a/images/t_default/cfc67fd4-38c0-4c45-87e0-80a0d985fd05/air-force-1-07-lv8-emb-mens-shoes-s8hCLW.png,https://static.nike.com/a/images/t_default/a48e74d3-b76c-4292-aed3-2c83e63bc8a7/air-force-1-07-lv8-emb-mens-shoes-s8hCLW.png,https://static.nike.com/a/images/t_default/7157d70a-1628-4924-bc11-eb742631c6da/air-force-1-07-lv8-emb-mens-shoes-s8hCLW.png,https://static.nike.com/a/images/t_default/07d1dc2d-dbba-443f-aabe-39b47d8d8f52/air-force-1-07-lv8-emb-mens-shoes-s8hCLW.png
13019620,Nike Air Force 1 '07 High,Men's Shoes,125,Black,True,https://static.nike.com/a/images/t_default/bc061476-e39b-4cf0-a8f4-ef367f8c7ac4/air-force-1-07-high-mens-shoes-XTJLXX.png,https://static.nike.com/a/images/t_default/6ffad671-f8e8-4365-abdc-82898aa49030/air-force-1-07-high-mens-shoes-XTJLXX.png,https://static.nike.com/a/images/t_default/0cb5a73a-2771-4539-aadd-7b441624f5ac/air-force-1-07-high-mens-shoes-XTJLXX.png,https://static.nike.com/a/images/t_default/1a5b845e-de4e-4569-98c4-f4d03f9a97ff/air-force-1-07-high-mens-shoes-XTJLXX.png
1000197002,Nike Air Force 1 '07 LV8,Men's Shoes,130,White,True,https://static.nike.com/a/images/t_default/3b05de1c-b694-48b1-9855-f8494f99e0b3/air-force-1-07-lv8-mens-shoes-PZf0LL.png,https://static.nike.com/a/images/t_default/2d636ec4-cc44-428c-a74d-d7e417ee3326/air-force-1-07-lv8-mens-shoes-PZf0LL.png,https://static.nike.com/a/images/t_default/8aa897eb-7d59-4310-8d8f-10c66ed00a39/air-force-1-07-lv8-mens-shoes-PZf0LL.png,https://static.nike.com/a/images/t_default/d004a388-e00a-41d8-97c2-4d75f1ee7be5/air-force-1-07-lv8-mens-shoes-PZf0LL.png
13229611,Nike Force 1,Little Kids' Shoes,70,White,True,https://static.nike.com/a/images/t_default/8c323a4b-dd6b-495a-849f-06a7b349d27a/force-1-little-kids-shoes-xrmQ0W.png,https://static.nike.com/a/images/t_default/f7a5d91d-6169-40b2-bab4-94c6202033cf/force-1-little-kids-shoes-xrmQ0W.png,https://static.nike.com/a/images/t_default/d5325d53-a7a8-4f4d-8781-d1baabf9c797/force-1-little-kids-shoes-xrmQ0W.png,https://static.nike.com/a/images/t_default/658bb5c4-0986-453e-91f5-03894df43e83/force-1-little-kids-shoes-xrmQ0W.png
1010068354,Nike Air Force 1 '07 LV8,Men's Shoes,130,Grey,True,https://static.nike.com/a/images/t_default/ca25d17d-7256-4742-9145-a53c90671d35/air-force-1-07-lv8-mens-shoes-qvL1qB.png,https://static.nike.com/a/images/t_default/8aaf7843-26e8-4843-8e71-4fbf259a9f39/air-force-1-07-lv8-mens-shoes-qvL1qB.png,https://static.nike.com/a/images/t_default/455ae4ee-1207-4725-88e1-bd36725a066b/air-force-1-07-lv8-mens-shoes-qvL1qB.png,https://static.nike.com/a/images/t_default/d43807df-722c-40f6-8f6a-f3e4903db984/air-force-1-07-lv8-mens-shoes-qvL1qB.png
1010123176,Nike Air Force 1 LV8,Big Kids' Shoes,100,White,True,https://static.nike.com/a/images/t_default/edc253c4-28e6-4511-ba7d-650329c4fcec/air-force-1-lv8-big-kids-shoes-1lGPrs.png,https://static.nike.com/a/images/t_default/4da88cba-ef45-4e1f-be52-dd34759ab6ab/air-force-1-lv8-big-kids-shoes-1lGPrs.png,https://static.nike.com/a/images/t_default/fd5150fa-d98f-498c-bdae-2c75302056eb/air-force-1-lv8-big-kids-shoes-1lGPrs.png,https://static.nike.com/a/images/t_default/723fa59c-608e-42ef-9b0d-482a2d610a95/air-force-1-lv8-big-kids-shoes-1lGPrs.png
1007489828,Nike Air Force 1 LV8,Big Kids' Shoes,95,White,True,https://static.nike.com/a/images/t_default/14068171-716b-43d1-8893-e550cfd3e31a/air-force-1-lv8-big-kids-shoes-wLmrNN.png,https://static.nike.com/a/images/t_default/a469fabd-7be4-497d-925b-0fd74d83f2a8/air-force-1-lv8-big-kids-shoes-wLmrNN.png,https://static.nike.com/a/images/t_default/5e547c91-4612-4055-972b-ed939e4faaad/air-force-1-lv8-big-kids-shoes-wLmrNN.png,https://static.nike.com/a/images/t_default/d17ffb45-f388-4e48-b9a4-88917c4ba371/air-force-1-lv8-big-kids-shoes-wLmrNN.png
1011847360,Nike Air Force 1 Mid By You,Men's Custom Shoes,140,Multi-Color,True,https://static.nike.com/a/images/t_default/fdded470-0ac5-4bd7-b41b-1bb63e161438/custom-nike-air-force-1-mid-by-you-shoes.png,https://static.nike.com/a/images/t_default/71a11256-ed59-4642-95da-e91972bac226/custom-nike-air-force-1-mid-by-you-shoes.png,https://static.nike.com/a/images/t_default/daaa19c7-191f-49c6-acba-3bf4b34879c7/custom-nike-air-force-1-mid-by-you-shoes.png,https://static.nike.com/a/images/t_default/f2f6d929-f64a-462f-90fc-c99516f4e08f/custom-nike-air-force-1-mid-by-you-shoes.png
1011847360,Nike Air Force 1 Mid By You,Men's Custom Shoes,140,Multi-Color,True,https://static.nike.com/a/images/t_default/171cadc1-ee74-4469-9525-dec5a67f1be2/custom-nike-air-force-1-mid-by-you-shoes.png,https://static.nike.com/a/images/t_default/745edd5b-80e8-43df-92b4-285c1a0bbb28/custom-nike-air-force-1-mid-by-you-shoes.png,https://static.nike.com/a/images/t_default/096e327b-7013-41e5-a2b4-651211e37ebb/custom-nike-air-force-1-mid-by-you-shoes.png,https://static.nike.com/a/images/t_default/273545e9-88bd-4a58-9021-e9065c3e2ff3/custom-nike-air-force-1-mid-by-you-shoes.png
14084299,Nike Air Force 1 '07 LV8,Men's Shoes,130,Yellow,True,https://static.nike.com/a/images/t_default/c8da9d90-3914-4063-871f-a784a76d041b/air-force-1-07-lv8-mens-shoes-W1vVxF.png,https://static.nike.com/a/images/t_default/c5cd938e-d77e-43b5-a8f8-bee29bc6e027/air-force-1-07-lv8-mens-shoes-W1vVxF.png,https://static.nike.com/a/images/t_default/855a5bfb-5db2-46a6-a77a-6a4762bb8018/air-force-1-07-lv8-mens-shoes-W1vVxF.png,https://static.nike.com/a/images/t_default/fb19a5c2-f5d9-48f6-bcc3-23440df01755/air-force-1-07-lv8-mens-shoes-W1vVxF.png
1007401372,Nike Air Force 1 Unity,Big Kids' Shoes,100,White,True,https://static.nike.com/a/images/t_default/93b7f47c-b09d-4092-8d97-f7f6a0323662/air-force-1-unity-big-kids-shoes-3BPWF0.png,https://static.nike.com/a/images/t_default/cbd82961-92db-4ebd-8f49-9f6409fc5ac8/air-force-1-unity-big-kids-shoes-3BPWF0.png,https://static.nike.com/a/images/t_default/9470d4ad-a008-47e7-adb7-6252a496411b/air-force-1-unity-big-kids-shoes-3BPWF0.png,https://static.nike.com/a/images/t_default/90861c3e-2a4b-474b-9fc3-f4b23304ea0d/air-force-1-unity-big-kids-shoes-3BPWF0.png
14289670,Nike Air Force 1 '07 LV8,Men's Shoes,130,Pink,True,https://static.nike.com/a/images/t_default/f14d9bc7-d7be-4582-83f3-d658f29b89f7/air-force-1-07-lv8-mens-shoes-Sxw463.png,https://static.nike.com/a/images/t_default/668d8cf2-b7fc-48e4-829c-8ff64db08d82/air-force-1-07-lv8-mens-shoes-Sxw463.png,https://static.nike.com/a/images/t_default/6d95b76b-f15c-4d37-b75f-3d2e792d7faa/air-force-1-07-lv8-mens-shoes-Sxw463.png,https://static.nike.com/a/images/t_default/df0e88fc-c9b7-4fd1-be76-568b46ecac18/air-force-1-07-lv8-mens-shoes-Sxw463.png
1007400965,Nike Air Force 1 Mid LE,Big Kids' Shoes,100,White,True,https://static.nike.com/a/images/t_default/e394f383-18e0-4d24-8562-92844c225480/air-force-1-mid-le-big-kids-shoes-W0dKGw.png,https://static.nike.com/a/images/t_default/08baf1b2-028c-490b-94cb-f15cb3dc32cf/air-force-1-mid-le-big-kids-shoes-W0dKGw.png,https://static.nike.com/a/images/t_default/88fe62fd-cd7c-425b-a8fc-8738cc670200/air-force-1-mid-le-big-kids-shoes-W0dKGw.png,https://static.nike.com/a/images/t_default/1f8717be-0594-4148-bf4d-91ea1849b4be/air-force-1-mid-le-big-kids-shoes-W0dKGw.png
1010167390,Nike Force 1 Low,Little Kids' Shoes,70,White,True,https://static.nike.com/a/images/t_default/53fc0889-b9e6-45cc-b0c1-ee580a8d3435/force-1-low-little-kids-shoes-3g5plb.png,https://static.nike.com/a/images/t_default/f1cbc971-3829-49a8-a844-9973b6c1b553/force-1-low-little-kids-shoes-3g5plb.png,https://static.nike.com/a/images/t_default/41daae1d-de63-4736-a6f4-9685161b3600/force-1-low-little-kids-shoes-3g5plb.png,https://static.nike.com/a/images/t_default/645dda63-ba14-4374-b243-b5d5ed832ded/force-1-low-little-kids-shoes-3g5plb.png
13722203,Nike Air Force 1 Mid '07,Men's Shoes,150,Brown,True,https://static.nike.com/a/images/t_default/e34a495d-3960-4401-81f3-fe8f3f3ed9a6/air-force-1-mid-07-mens-shoes-NQ2TT6.png,https://static.nike.com/a/images/t_default/54a985fa-dfb9-4e0c-89de-5df77a25df45/air-force-1-mid-07-mens-shoes-NQ2TT6.png,https://static.nike.com/a/images/t_default/f8543612-a483-4099-9c5f-e1ee05d88266/air-force-1-mid-07-mens-shoes-NQ2TT6.png,https://static.nike.com/a/images/t_default/9d1513af-f043-4bdc-b0ac-9fbccbb92856/air-force-1-mid-07-mens-shoes-NQ2TT6.png
13229774,Nike Force 1,Baby/Toddler Shoes,55,White,True,https://static.nike.com/a/images/t_default/a079829d-6da2-4272-9932-59e2405c1aca/force-1-baby-toddler-shoes-kJpxBC.png,https://static.nike.com/a/images/t_default/674c8f99-5bcc-47c7-9dd6-6deafcf0912b/force-1-baby-toddler-shoes-kJpxBC.png,https://static.nike.com/a/images/t_default/5c7b1dd3-f2a0-4237-b71b-c33b9cf7542e/force-1-baby-toddler-shoes-kJpxBC.png,https://static.nike.com/a/images/t_default/fd3b4fab-6882-41f7-94c8-f454a0caebe3/force-1-baby-toddler-shoes-kJpxBC.png
14244676,Nike Air Force 1 High '07 LV8 EMB,Men's Shoes,135,Grey,True,https://static.nike.com/a/images/t_default/ca99d983-209d-4cee-9cde-d251ee32584d/air-force-1-high-07-lv8-emb-mens-shoes-g2WGZn.png,https://static.nike.com/a/images/t_default/228bf37a-48ad-44ff-974f-ea3f3195fb05/air-force-1-high-07-lv8-emb-mens-shoes-g2WGZn.png,https://static.nike.com/a/images/t_default/a1ab1b1e-1edb-4dcd-a94b-9139d50cc0f2/air-force-1-high-07-lv8-emb-mens-shoes-g2WGZn.png,https://static.nike.com/a/images/t_default/f1bd2be4-3aa4-4e8c-8729-059ba765fa39/air-force-1-high-07-lv8-emb-mens-shoes-g2WGZn.png
1010169662,Nike Air Force 1 LV8 2,Big Kids' Shoes,95,Orange,True,https://static.nike.com/a/images/t_default/f0205256-81ff-4418-824a-8d1b9ed49d18/air-force-1-lv8-2-big-kids-shoes-1JQL4Z.png,https://static.nike.com/a/images/t_default/499d75eb-a368-40ff-90c1-4afcc080032d/air-force-1-lv8-2-big-kids-shoes-1JQL4Z.png,https://static.nike.com/a/images/t_default/d1abab6b-fd36-4ee7-a925-400d60ee1dcd/air-force-1-lv8-2-big-kids-shoes-1JQL4Z.png,https://static.nike.com/a/images/t_default/cf80bb07-2181-4a6f-9686-3cd5ff1a7423/air-force-1-lv8-2-big-kids-shoes-1JQL4Z.png
1007486165,Nike Force 1,Baby Crib Booties,45,Black,True,https://static.nike.com/a/images/t_default/ec1b7ecf-90e7-41e2-8f26-4bfdd984c969/force-1-baby-crib-booties-xcWs5X.png,https://static.nike.com/a/images/t_default/991fb2af-c398-4d91-822f-d0f8bbbc7273/force-1-baby-crib-booties-xcWs5X.png,https://static.nike.com/a/images/t_default/ff500853-490c-4a0c-a18c-446589c11ad0/force-1-baby-crib-booties-xcWs5X.png,https://static.nike.com/a/images/t_default/be5dead0-e094-4f76-91ad-8a7eee66d3a2/force-1-baby-crib-booties-xcWs5X.png
1007401365,Nike Force 1,Baby/Toddler Shoes,55,Grey,True,https://static.nike.com/a/images/t_default/2f9a2292-39e2-4ee3-9959-74301284ffaa/force-1-baby-toddler-shoes-qdLCl9.png,https://static.nike.com/a/images/t_default/49314dea-03fc-4985-b021-8252a5d7bc0d/force-1-baby-toddler-shoes-qdLCl9.png,https://static.nike.com/a/images/t_default/48c5acf9-63d0-440a-8d9e-75987c43f0e5/force-1-baby-toddler-shoes-qdLCl9.png,https://static.nike.com/a/images/t_default/b7280a99-abbc-4744-95f5-3237e314c6a4/force-1-baby-toddler-shoes-qdLCl9.png
14266247,Nike Force 1 LV8,Baby/Toddler Shoes,65,Black,True,https://static.nike.com/a/images/t_default/65d7bc89-c8a2-4851-9496-c45709a7b29e/force-1-lv8-baby-toddler-shoes-mZ1d6G.png,https://static.nike.com/a/images/t_default/89f9c5bb-ec7b-4e5b-bf68-21f369006c5e/force-1-lv8-baby-toddler-shoes-mZ1d6G.png,https://static.nike.com/a/images/t_default/707f01bf-ffcd-40c3-ab20-2ef89c03fe66/force-1-lv8-baby-toddler-shoes-mZ1d6G.png,https://static.nike.com/a/images/t_default/a6f18f65-3434-466e-8849-393d2c549cb0/force-1-lv8-baby-toddler-shoes-mZ1d6G.png
1010246471,Nike Force 1 Mid LE,Baby/Toddler Shoes,60,White,True,https://static.nike.com/a/images/t_default/15413e40-569f-432e-bb62-eef558ab5b10/force-1-mid-le-baby-toddler-shoes-KrZ0T8.png,https://static.nike.com/a/images/t_default/4626f5be-23ed-4e76-a936-9e33eb52c7e4/force-1-mid-le-baby-toddler-shoes-KrZ0T8.png,https://static.nike.com/a/images/t_default/8e08572d-622e-4c17-aa11-9551f85f2567/force-1-mid-le-baby-toddler-shoes-KrZ0T8.png,https://static.nike.com/a/images/t_default/eaf70d83-37d9-44ca-be56-e966021f5ba2/force-1-mid-le-baby-toddler-shoes-KrZ0T8.png
14247059,Nike Force 1 Crater Next Nature,Baby/Toddler Shoes,65,Blue,True,https://static.nike.com/a/images/t_default/ac21bcd1-65a7-4b8a-9dc0-28ed5c46244b/force-1-crater-next-nature-baby-toddler-shoes-Tnjth4.png,https://static.nike.com/a/images/t_default/a3ca4c7c-e9f7-44dc-81ae-74fb7cab7f84/force-1-crater-next-nature-baby-toddler-shoes-Tnjth4.png,https://static.nike.com/a/images/t_default/c5ec5522-fc68-4368-9f66-b9e6a8014603/force-1-crater-next-nature-baby-toddler-shoes-Tnjth4.png,https://static.nike.com/a/images/t_default/9ed9464b-634b-450f-ae64-ba334a01adce/force-1-crater-next-nature-baby-toddler-shoes-Tnjth4.png
1011906422,Nike Air Force 1 Low Retro,Men's Shoes,150,White,True,https://static.nike.com/a/images/t_default/e6eb0b94-087b-43c7-b36b-08b5ec053355/air-force-1-low-retro-mens-shoes-KZhTqR.png,https://static.nike.com/a/images/t_default/42ccbf37-00b0-4016-8ffe-700a8a1ad2a0/air-force-1-low-retro-mens-shoes-KZhTqR.png,https://static.nike.com/a/images/t_default/9119bb46-0146-4690-8fc9-15012e848c73/air-force-1-low-retro-mens-shoes-KZhTqR.png,https://static.nike.com/a/images/t_default/8887ac16-3a33-4e8b-9752-e6b389ddd476/air-force-1-low-retro-mens-shoes-KZhTqR.png
1009406320,Nike Air Force 1 Low By You,Custom Men's Shoes,130,Multi-Color,True,https://static.nike.com/a/images/t_default/1defaebe-cdc7-49ec-8530-acd53889a052/custom-nike-air-force-1-low-by-you.png,https://static.nike.com/a/images/t_default/3baa68c2-4dd6-48a3-bec5-1b9a5990a715/custom-nike-air-force-1-low-by-you.png,https://static.nike.com/a/images/t_default/34c1507f-97ae-492c-9b33-395b238cc64b/custom-nike-air-force-1-low-by-you.png,https://static.nike.com/a/images/t_default/6cb78a76-1f0f-4d00-9fc4-bf69291b3e88/custom-nike-air-force-1-low-by-you.png
13987335,Nike Air Force 1 '07 LV8,Men's Shoes,120,Black,True,https://static.nike.com/a/images/t_default/e7bba277-0bff-4550-a67b-a0061c0d05e7/air-force-1-07-lv8-mens-shoes-863lmJ.png,https://static.nike.com/a/images/t_default/d621db13-2ea8-4ab2-a6d2-288cdd0d6b75/air-force-1-07-lv8-mens-shoes-863lmJ.png,https://static.nike.com/a/images/t_default/9649ac4b-973d-4c0c-8e43-fddc128c255f/air-force-1-07-lv8-mens-shoes-863lmJ.png,https://static.nike.com/a/images/t_default/641e7e2c-4f37-4ed9-ab88-c228995cb0ce/air-force-1-07-lv8-mens-shoes-863lmJ.png
1009406282,Nike Air Force 1 Low By You,Custom Men's Shoes,130,Multi-Color,True,https://static.nike.com/a/images/t_default/be7385a8-df8d-40b2-bc22-48ab2bfc6418/custom-nike-air-force-1-low-by-you.png,https://static.nike.com/a/images/t_default/1716b7dd-39ef-4a12-9dfe-5cdc1f124662/custom-nike-air-force-1-low-by-you.png,https://static.nike.com/a/images/t_default/ea386b2d-19ae-4f29-9102-4d8cbbcf04a2/custom-nike-air-force-1-low-by-you.png,https://static.nike.com/a/images/t_default/97f9e6e2-df06-47a9-8314-7ff060cc91a0/custom-nike-air-force-1-low-by-you.png
1012371815,Nike Force 1 Low,Baby/Toddler Shoes,55,White,True,https://static.nike.com/a/images/t_default/d574bbfb-afe8-4333-8e74-651a9eeeac00/force-1-low-baby-toddler-shoes-dC0xmX.png,https://static.nike.com/a/images/t_default/47fa03e3-4f26-425d-bc5d-e2cef61481e6/force-1-low-baby-toddler-shoes-dC0xmX.png,https://static.nike.com/a/images/t_default/a371d923-1a10-42b5-ba6e-2dc99c20a43c/force-1-low-baby-toddler-shoes-dC0xmX.png,https://static.nike.com/a/images/t_default/4214a597-537f-4ee2-b570-3dfc94b5dfa3/force-1-low-baby-toddler-shoes-dC0xmX.png
1011845554,Nike Force 1 LV8,Little Kids' Shoes,80,White,True,https://static.nike.com/a/images/t_default/2f5e8dc0-43bc-461f-b717-e8c157695885/force-1-lv8-little-kids-shoes-FwvWjF.png,https://static.nike.com/a/images/t_default/c79b806e-49a7-486f-b5ba-2ac3fa716a69/force-1-lv8-little-kids-shoes-FwvWjF.png,https://static.nike.com/a/images/t_default/18124a6a-8940-4405-bd58-b6211ddd9bdd/force-1-lv8-little-kids-shoes-FwvWjF.png,https://static.nike.com/a/images/t_default/1557895b-9000-4daf-936a-64bb642d2e21/force-1-lv8-little-kids-shoes-FwvWjF.png
1009157876,Nike Force 1 LV8,Little Kids' Shoes,80,Red,True,https://static.nike.com/a/images/t_default/e8a24858-aba2-4e48-8291-288d51b5670c/force-1-lv8-little-kids-shoes-L3Gs3j.png,https://static.nike.com/a/images/t_default/965d7aa4-6ac5-4c68-9b3d-0d377a51f61c/force-1-lv8-little-kids-shoes-L3Gs3j.png,https://static.nike.com/a/images/t_default/f6f9e39f-2a07-4e2b-bf49-38df14dbb738/force-1-lv8-little-kids-shoes-L3Gs3j.png,https://static.nike.com/a/images/t_default/52c9f486-9fc9-4c96-8f4f-9fd0b57b83fb/force-1-lv8-little-kids-shoes-L3Gs3j.png
14115946,Nike Air Force 1 '07 LV8,Men's Shoes,130,White,True,https://static.nike.com/a/images/t_default/437c3f97-a508-4aaa-b7ce-aab11cf2a45a/air-force-1-07-lv8-mens-shoes-khpfrj.png,https://static.nike.com/a/images/t_default/0ec9889c-a8f7-40cc-898f-cdde45714db1/air-force-1-07-lv8-mens-shoes-khpfrj.png,https://static.nike.com/a/images/t_default/632bbb75-d8f2-42ed-931d-0b8b692f69b3/air-force-1-07-lv8-mens-shoes-khpfrj.png,https://static.nike.com/a/images/t_default/3b5285c9-5e16-436f-9e04-2543e179383f/air-force-1-07-lv8-mens-shoes-khpfrj.png
10338433,Nike Lunar Force 1,Men's Duckboot,180,Black,True,https://static.nike.com/a/images/t_default/6457bbb4-7eac-498b-8217-47729fe91930/lunar-force-1-mens-duckboot-tTZklH.png,https://static.nike.com/a/images/t_default/avhhcxgp7zvgiodw8m7y/lunar-force-1-mens-duckboot-tTZklH.png,https://static.nike.com/a/images/t_default/imvzdqf6rwbvg0veq6ya/lunar-force-1-mens-duckboot-tTZklH.png,https://static.nike.com/a/images/t_default/su6sb3g1xrd1kmvkrjpj/lunar-force-1-mens-duckboot-tTZklH.png
12293582,Nike Air Force 1 Lover XX,Women's Shoes,130,Orange,True,https://static.nike.com/a/images/t_default/gfut4qoo5rkituipkgs8/air-force-1-lover-xx-womens-shoes-j4B5P5.png,https://static.nike.com/a/images/t_default/hgdd2pupwi8y09smfcm7/air-force-1-lover-xx-womens-shoes-j4B5P5.png,https://static.nike.com/a/images/t_default/aumyjdqadawegfarxjdj/air-force-1-lover-xx-womens-shoes-j4B5P5.png,https://static.nike.com/a/images/t_default/addb2w3ag6xfqasbhmcr/air-force-1-lover-xx-womens-shoes-j4B5P5.png
14287939,Nike Air Force 1 Mid React,Men's Shoes,150,Black,True,https://static.nike.com/a/images/t_default/df521b78-9b58-44e5-8bda-5211ccb61c1d/air-force-1-mid-react-mens-shoes-mRp9m4.png,https://static.nike.com/a/images/t_default/0ab1a874-bd7d-4b45-a56d-a4492483a5b7/air-force-1-mid-react-mens-shoes-mRp9m4.png,https://static.nike.com/a/images/t_default/ea9fdfaa-5eb1-4fb6-8543-058485a48d1f/air-force-1-mid-react-mens-shoes-mRp9m4.png,https://static.nike.com/a/images/t_default/8fb55027-b727-4216-901e-584ee0850835/air-force-1-mid-react-mens-shoes-mRp9m4.png
13924036,Nike Air Force 1 Mid QS,Men's Shoes,155,White,True,https://static.nike.com/a/images/t_default/e776b31d-d1f3-4e91-8b8c-3879f06a191a/air-force-1-mid-qs-mens-shoes-xrHZ9p.png,https://static.nike.com/a/images/t_default/f9990856-3310-4a46-a492-61a76f814057/air-force-1-mid-qs-mens-shoes-xrHZ9p.png,https://static.nike.com/a/images/t_default/77d5b8c8-5feb-4855-9391-adae08256ccc/air-force-1-mid-qs-mens-shoes-xrHZ9p.png,https://static.nike.com/a/images/t_default/998529ed-b8f2-42d7-9f7d-210c317513a7/air-force-1-mid-qs-mens-shoes-xrHZ9p.png
1009355768,Nike Air Force 1 Mid By You,Women's Custom Shoes,140,Multi-Color,True,https://static.nike.com/a/images/t_default/1e80f517-1d6f-47c7-9a1a-7f476cbea04d/custom-nike-air-force-1-mid-by-you-shoes.png,https://static.nike.com/a/images/t_default/fa0c3668-6f3b-49a4-b885-e184ac42bdfd/custom-nike-air-force-1-mid-by-you-shoes.png,https://static.nike.com/a/images/t_default/f2301984-ab99-42fc-9700-75ce8f824602/custom-nike-air-force-1-mid-by-you-shoes.png,https://static.nike.com/a/images/t_default/5b305545-951b-4ba5-b0ad-7da44f5b2de3/custom-nike-air-force-1-mid-by-you-shoes.png
13146438,Nike Force 1 Mid LE,Little Kids' Shoe,80,Black,True,https://static.nike.com/a/images/t_default/3a8a706b-e973-4b66-b281-6c7a8dfa6bfa/force-1-mid-le-little-kids-shoe-bh88L1.png,https://static.nike.com/a/images/t_default/a2c422d6-ca2a-4737-90cf-20d3bec57bb3/force-1-mid-le-little-kids-shoe-bh88L1.png,https://static.nike.com/a/images/t_default/b5d89f1d-79d5-4f6a-8d29-8b9a1b50b7ee/force-1-mid-le-little-kids-shoe-bh88L1.png,https://static.nike.com/a/images/t_default/493ceedc-db6a-4c12-af88-755654a60f2c/force-1-mid-le-little-kids-shoe-bh88L1.png
1007529028,Nike Air Force 1 Low x Premium Goods,Women's Shoes,150,Black,True,https://static.nike.com/a/images/t_default/9b112da7-e7c2-4364-977e-1f19f8aa929b/air-force-1-low-x-premium-goods-womens-shoes-pShMNj.png,https://static.nike.com/a/images/t_default/e96d62c9-4e2f-4a89-a10e-24a3e1354a31/air-force-1-low-x-premium-goods-womens-shoes-pShMNj.png,https://static.nike.com/a/images/t_default/aea1770e-f811-4533-913f-75af80ffc1d6/air-force-1-low-x-premium-goods-womens-shoes-pShMNj.png,https://static.nike.com/a/images/t_default/c052df3a-ae1e-4fdb-84d8-c6c443fc58e4/air-force-1-low-x-premium-goods-womens-shoes-pShMNj.png
1011876291,Nike Air Force 1 LV8,Big Kids' Shoes,100,White,True,https://static.nike.com/a/images/t_default/e6a1cb69-6b6a-422f-90ac-4ad4f1e7015f/air-force-1-lv8-big-kids-shoes-bGNdjh.png,https://static.nike.com/a/images/t_default/42e50e89-37c2-4af8-b4d5-27b512fdd0a5/air-force-1-lv8-big-kids-shoes-bGNdjh.png,https://static.nike.com/a/images/t_default/af3c41b8-d884-45dc-9629-925c134f3803/air-force-1-lv8-big-kids-shoes-bGNdjh.png,https://static.nike.com/a/images/t_default/f6d83f31-2573-4290-9275-e346b802e9ad/air-force-1-lv8-big-kids-shoes-bGNdjh.png
14083930,Nike Air Force 1 Sculpt,Women's Shoes,140,Brown,True,https://static.nike.com/a/images/t_default/9007e110-ab61-42de-a672-878d4f076a1e/air-force-1-sculpt-womens-shoes-GKwftK.png,https://static.nike.com/a/images/t_default/4e2a2459-1433-40ca-9acb-ade8466f0161/air-force-1-sculpt-womens-shoes-GKwftK.png,https://static.nike.com/a/images/t_default/eff95c7a-43db-4575-8cb0-f48f2c4f2bf9/air-force-1-sculpt-womens-shoes-GKwftK.png,https://static.nike.com/a/images/t_default/d3f30d7e-0e8c-4a86-9835-8c3749b8b734/air-force-1-sculpt-womens-shoes-GKwftK.png
13012036,Nike Air Force 1 GTX,Men's Shoes,150,Black,True,https://static.nike.com/a/images/t_default/1b1b09a2-cb46-487c-9882-38dc63661db6/air-force-1-gtx-mens-shoes-MXf3Lm.png,https://static.nike.com/a/images/t_default/790ae2ae-45a8-48f3-bff0-815416062842/air-force-1-gtx-mens-shoes-MXf3Lm.png,https://static.nike.com/a/images/t_default/274deb29-5af1-4731-81a0-94c1378831de/air-force-1-gtx-mens-shoes-MXf3Lm.png,https://static.nike.com/a/images/t_default/f328ce2e-2bfd-4607-8b5b-dcb1bdcca309/air-force-1-gtx-mens-shoes-MXf3Lm.png
1009157877,Nike Air Force 1 LV8,Big Kids' Shoes,100,Red,True,https://static.nike.com/a/images/t_default/1b0af978-86fa-49a4-90ca-f6540c1a1932/air-force-1-lv8-big-kids-shoes-5D3Vm7.png,https://static.nike.com/a/images/t_default/e5ed8d38-3a7c-4bbd-8dc4-ef9e41579fbe/air-force-1-lv8-big-kids-shoes-5D3Vm7.png,https://static.nike.com/a/images/t_default/f40ddbd5-b07a-4023-a3d4-672f390cdb8f/air-force-1-lv8-big-kids-shoes-5D3Vm7.png,https://static.nike.com/a/images/t_default/8a6f61b4-4150-4d57-b408-c0314beebabb/air-force-1-lv8-big-kids-shoes-5D3Vm7.png
1009356266,Nike Air Force 1 High By You,Men's Custom Shoes,145,Multi-Color,True,https://static.nike.com/a/images/t_default/b70aed42-0084-405b-8e44-6d52b59fa4f3/custom-nike-air-force-1-high-by-you-shoes.png,https://static.nike.com/a/images/t_default/a21d9aa9-3edc-4e77-8fa4-bf62d0224fc5/custom-nike-air-force-1-high-by-you-shoes.png,https://static.nike.com/a/images/t_default/bf42e448-642b-4e44-8811-4dab4780a939/custom-nike-air-force-1-high-by-you-shoes.png,https://static.nike.com/a/images/t_default/5e33c9ca-51a6-4fbc-965f-b8d7f8cc8045/custom-nike-air-force-1-high-by-you-shoes.png
1010058168,Nike Air Force 1 Mid '07 LX NBHD,Men's Shoes,140,White,True,https://static.nike.com/a/images/t_default/f862e5e4-8de3-4b24-8456-c7d6dd0d6cea/air-force-1-mid-07-lx-nbhd-mens-shoes-CvfbLv.png,https://static.nike.com/a/images/t_default/d9dc535a-b19b-41b6-ad9c-b860f00fcb2c/air-force-1-mid-07-lx-nbhd-mens-shoes-CvfbLv.png,https://static.nike.com/a/images/t_default/4800d359-d0f4-442d-b9bd-e1f48634da65/air-force-1-mid-07-lx-nbhd-mens-shoes-CvfbLv.png,https://static.nike.com/a/images/t_default/8dc77ff2-43fb-45f3-a539-b0abdd382106/air-force-1-mid-07-lx-nbhd-mens-shoes-CvfbLv.png
1010245218,Nike Force 1 Low ASW,Baby/Toddler Shoes,60,White,True,https://static.nike.com/a/images/t_default/a2228b2e-c949-4fd4-bb2d-675f1de5dd6e/force-1-low-asw-baby-toddler-shoes-JZHS2N.png,https://static.nike.com/a/images/t_default/95c03d31-ffd9-4cee-a16d-ba453cf7bdc8/force-1-low-asw-baby-toddler-shoes-JZHS2N.png,https://static.nike.com/a/images/t_default/afc498c2-204d-4eac-9070-03a772cb9e80/force-1-low-asw-baby-toddler-shoes-JZHS2N.png,https://static.nike.com/a/images/t_default/301c63df-97d9-4c20-9373-599e1c16cb3e/force-1-low-asw-baby-toddler-shoes-JZHS2N.png
1011995525,Nike Air Force 1 '07 LV8,Shoes,130,White,True,https://static.nike.com/a/images/t_default/300037f5-c3d4-48a8-b6e2-a058d80fb2c9/air-force-1-07-lv8-shoes-3vWcC9.png,https://static.nike.com/a/images/t_default/100cd527-cc13-4ea8-9e00-b326e7327a62/air-force-1-07-lv8-shoes-3vWcC9.png,https://static.nike.com/a/images/t_default/49873672-d6dd-453e-be55-83a56d5ee2ae/air-force-1-07-lv8-shoes-3vWcC9.png,https://static.nike.com/a/images/t_default/8472b791-e9f7-439a-b634-d03cbbaad851/air-force-1-07-lv8-shoes-3vWcC9.png
1011847357,Nike Air Force 1 Mid By You,Women's Custom Shoes,140,Multi-Color,True,https://static.nike.com/a/images/t_default/d2dce114-5f53-4d33-a18f-ad5f9d55c74e/custom-nike-air-force-1-mid-by-you-shoes.png,https://static.nike.com/a/images/t_default/45654e63-d41d-44de-9e24-8a5706e0f2ff/custom-nike-air-force-1-mid-by-you-shoes.png,https://static.nike.com/a/images/t_default/5d5447f7-a0db-4ddb-b982-54f231861fc6/custom-nike-air-force-1-mid-by-you-shoes.png,https://static.nike.com/a/images/t_default/ad74b327-36ff-49cc-b8ed-51edb95a0cfb/custom-nike-air-force-1-mid-by-you-shoes.png
1010051610,Nike Air Force 1 '07 LV8,Men's Shoes,130,Brown,True,https://static.nike.com/a/images/t_default/6b5d2ac2-2fb5-4cda-8bab-396e566ff350/air-force-1-07-lv8-mens-shoes-FVc98t.png,https://static.nike.com/a/images/t_default/37cf561b-19e6-4e0c-a7fa-97b5d1cccd72/air-force-1-07-lv8-mens-shoes-FVc98t.png,https://static.nike.com/a/images/t_default/03344bd7-b495-4877-aa77-ade1b83b1c1f/air-force-1-07-lv8-mens-shoes-FVc98t.png,https://static.nike.com/a/images/t_default/9b59af20-84da-475d-8c10-38417e0b33bd/air-force-1-07-lv8-mens-shoes-FVc98t.png
1011852740,Nike Air Force 1 Low Retro,Men's Shoes,130,Green,True,https://static.nike.com/a/images/t_default/9ade626a-79c9-4544-8237-907bcc65fdba/air-force-1-low-retro-mens-shoes-53gMmt.png,https://static.nike.com/a/images/t_default/7a63fe13-65dc-426a-9c01-eabc7dd3c972/air-force-1-low-retro-mens-shoes-53gMmt.png,https://static.nike.com/a/images/t_default/aa472727-895a-43dc-8210-1970699e836e/air-force-1-low-retro-mens-shoes-53gMmt.png,https://static.nike.com/a/images/t_default/1bf51a2d-bb11-4b5b-886c-68dcb5a01ffc/air-force-1-low-retro-mens-shoes-53gMmt.png
1010051319,Nike Air Force 1 '07 LV8,Men's Shoes,130,Orange,True,https://static.nike.com/a/images/t_default/54a510de-a406-41b2-8d62-7f8c587c9a7e/air-force-1-07-lv8-mens-shoes-7bCM7s.png,https://static.nike.com/a/images/t_default/419b09f2-438f-4e44-b9dc-22157acbcde2/air-force-1-07-lv8-mens-shoes-7bCM7s.png,https://static.nike.com/a/images/t_default/c10087b9-4d40-4a07-a9a0-31a041f01304/air-force-1-07-lv8-mens-shoes-7bCM7s.png,https://static.nike.com/a/images/t_default/3a91b147-75cf-4c00-9aab-812849ef2ff2/air-force-1-07-lv8-mens-shoes-7bCM7s.png
1007529682,Nike Air Force 1 Low x Ambush,Men's Shoes,190,Black,True,https://static.nike.com/a/images/t_default/50c13c60-a1e1-4c0c-bf7c-8a5ffa793e3b/air-force-1-low-x-ambush-mens-shoes-KTW9v6.png,https://static.nike.com/a/images/t_default/0957cc0b-c1dc-4a28-8008-1cd049b63bd6/air-force-1-low-x-ambush-mens-shoes-KTW9v6.png,https://static.nike.com/a/images/t_default/d0069699-5d6a-457d-b4f3-caa077ccb8c4/air-force-1-low-x-ambush-mens-shoes-KTW9v6.png,https://static.nike.com/a/images/t_default/de733c51-b763-4d6c-b083-36ff133d740b/air-force-1-low-x-ambush-mens-shoes-KTW9v6.png
13935808,Nike Air Force 1 Crater Flyknit Next Nature,Men's Shoes,130,Black,True,https://static.nike.com/a/images/t_default/aaa04356-2232-4f9c-a302-0c7d5c3e2102/air-force-1-crater-flyknit-next-nature-mens-shoes-bHdNmN.png,https://static.nike.com/a/images/t_default/b2eafe6b-02b2-405a-a942-754b00cd9016/air-force-1-crater-flyknit-next-nature-mens-shoes-bHdNmN.png,https://static.nike.com/a/images/t_default/61b9aefc-00a4-4175-a3fa-809ab25c5a3c/air-force-1-crater-flyknit-next-nature-mens-shoes-bHdNmN.png,https://static.nike.com/a/images/t_default/109fbe80-7c95-4191-bad8-487220b76561/air-force-1-crater-flyknit-next-nature-mens-shoes-bHdNmN.png
14114101,Nike Air Force 1 '07 Premium,Men's Shoes,140,White,True,https://static.nike.com/a/images/t_default/0cf30d74-57f8-43fa-b67f-11efbfd2afb3/air-force-1-07-premium-mens-shoes-zqBZTs.png,https://static.nike.com/a/images/t_default/73317a39-c0e1-43a9-bd30-d0c98c385c07/air-force-1-07-premium-mens-shoes-zqBZTs.png,https://static.nike.com/a/images/t_default/b74c9e8f-1ac7-4141-b635-b7c112609375/air-force-1-07-premium-mens-shoes-zqBZTs.png,https://static.nike.com/a/images/t_default/d333de7d-2e04-4e98-8b72-6849dd3fd72b/air-force-1-07-premium-mens-shoes-zqBZTs.png
1009351172,Nike Air Force 1 High By You,Women's Custom Shoes,145,Multi-Color,True,https://static.nike.com/a/images/t_default/eea404ab-48ef-49dd-91b6-d2e221679374/custom-nike-air-force-1-high-by-you-shoes.png,https://static.nike.com/a/images/t_default/9858c071-b283-4c46-9cca-1d5e83f75a48/custom-nike-air-force-1-high-by-you-shoes.png,https://static.nike.com/a/images/t_default/542819a4-6735-4ff1-a00f-cfc0e3703957/custom-nike-air-force-1-high-by-you-shoes.png,https://static.nike.com/a/images/t_default/3a2758c1-f828-42c6-b620-e76ab253311c/custom-nike-air-force-1-high-by-you-shoes.png
1009173258,Nike Air Force 1 LV8,Big Kids' Shoes,105,White,True,https://static.nike.com/a/images/t_default/c16de447-1234-43b4-be2e-8f60a140b12d/air-force-1-lv8-big-kids-shoes-HPbjCf.png,https://static.nike.com/a/images/t_default/66cff762-f888-4cc9-b135-6c9f0eb01ae6/air-force-1-lv8-big-kids-shoes-HPbjCf.png,https://static.nike.com/a/images/t_default/232b13bb-978b-48da-9152-836f3d32ac32/air-force-1-lv8-big-kids-shoes-HPbjCf.png,https://static.nike.com/a/images/t_default/805228b8-0db2-46db-81c1-c3522d1049d9/air-force-1-lv8-big-kids-shoes-HPbjCf.png
1012328842,Nike Air Force 1 Shadow,Women's Shoes,130,Grey,True,https://static.nike.com/a/images/t_default/4d1e74e0-a198-4c46-be77-ed2cbe6d1c5a/air-force-1-shadow-womens-shoes-qK69hq.png,https://static.nike.com/a/images/t_default/a1cd1689-ad0a-40bf-bdf1-d6fba3d33444/air-force-1-shadow-womens-shoes-qK69hq.png,https://static.nike.com/a/images/t_default/20d1941d-b8dc-4ccf-b53f-358e2f13ddb2/air-force-1-shadow-womens-shoes-qK69hq.png,https://static.nike.com/a/images/t_default/2fae1e47-ef39-4560-b9c3-86121bd00143/air-force-1-shadow-womens-shoes-qK69hq.png
13835620,Nike Air Force 1 Mid QS,Men's Shoes,140,White,True,https://static.nike.com/a/images/t_default/795f2fbf-af92-47e4-b9da-a3c465b66639/air-force-1-mid-qs-mens-shoes-MfCLHs.png,https://static.nike.com/a/images/t_default/a9306721-4af7-44ba-b385-48604c94717a/air-force-1-mid-qs-mens-shoes-MfCLHs.png,https://static.nike.com/a/images/t_default/2a49afa7-dd0e-4a3b-ab95-f832bac3afe2/air-force-1-mid-qs-mens-shoes-MfCLHs.png,https://static.nike.com/a/images/t_default/cdbb03d5-3078-4f40-9936-96a85379bf42/air-force-1-mid-qs-mens-shoes-MfCLHs.png
14084303,Nike Air Force 1 '07 LV8,Men's Shoes,130,Brown,True,https://static.nike.com/a/images/t_default/422ec506-97c1-42ae-a106-3317e6481e3f/air-force-1-07-lv8-mens-shoes-VDStVQ.png,https://static.nike.com/a/images/t_default/e4aaccb8-8f51-455c-905b-391c390f27b7/air-force-1-07-lv8-mens-shoes-VDStVQ.png,https://static.nike.com/a/images/t_default/b0b490ed-e4f2-485f-91a3-caaa87a4bda7/air-force-1-07-lv8-mens-shoes-VDStVQ.png,https://static.nike.com/a/images/t_default/588c9f6a-7173-4f32-8eb4-12d5e44197a3/air-force-1-07-lv8-mens-shoes-VDStVQ.png
12974853,Nike Air Force 1 '07,Men's Shoes,110,White,True,https://static.nike.com/a/images/t_default/52cbb0a5-241b-4f5c-9927-45a5051365cf/air-force-1-07-mens-shoes-pbNjLd.png,https://static.nike.com/a/images/t_default/1491cb70-4035-4888-b95b-ebd1ba90f984/air-force-1-07-mens-shoes-pbNjLd.png,https://static.nike.com/a/images/t_default/eca35f82-2d0e-4ece-a59e-505c97fcd8c8/air-force-1-07-mens-shoes-pbNjLd.png,https://static.nike.com/a/images/t_default/6c52402f-6e17-47f6-8048-5098abfe3fda/air-force-1-07-mens-shoes-pbNjLd.png
14096145,Nike Force 1 Toggle SE,Little Kids' Shoes,75,Yellow,True,https://static.nike.com/a/images/t_default/f375b6d3-ac95-4ba4-9c37-a9095950a0b7/force-1-toggle-se-little-kids-shoes-QWkfJL.png,https://static.nike.com/a/images/t_default/f3df0e68-117d-45f1-98eb-957fcc14973b/force-1-toggle-se-little-kids-shoes-QWkfJL.png,https://static.nike.com/a/images/t_default/a01829df-1797-4f78-8adb-e26829dbc99e/force-1-toggle-se-little-kids-shoes-QWkfJL.png,https://static.nike.com/a/images/t_default/d5bb2e86-4202-476f-be19-ceabf90c7870/force-1-toggle-se-little-kids-shoes-QWkfJL.png
13844916,Nike Air Force 1 Crater Next Nature,Big Kids' Shoes,95,White,True,https://static.nike.com/a/images/t_default/40cda7df-1d0a-443f-8e59-6924e6c1ec91/air-force-1-crater-next-nature-big-kids-shoes-m64P5f.png,https://static.nike.com/a/images/t_default/c2115609-e009-4b20-97b4-6f3e867b0547/air-force-1-crater-next-nature-big-kids-shoes-m64P5f.png,https://static.nike.com/a/images/t_default/bb52a378-d5e5-4dfa-9517-24f8a6bfe954/air-force-1-crater-next-nature-big-kids-shoes-m64P5f.png,https://static.nike.com/a/images/t_default/bd9736ea-a693-40c6-9d94-8c8f14e8e884/air-force-1-crater-next-nature-big-kids-shoes-m64P5f.png
13935887,Nike Air Force 1 '07 LV8 Next Nature,Men's Shoes,120,Orange,True,https://static.nike.com/a/images/t_default/3ab4d3a8-fc51-406d-8814-5c45eeddbebb/air-force-1-07-lv8-next-nature-mens-shoes-bdFBs8.png,https://static.nike.com/a/images/t_default/46f8f4d8-2cb7-400f-8968-969c165fa11f/air-force-1-07-lv8-next-nature-mens-shoes-bdFBs8.png,https://static.nike.com/a/images/t_default/4ccdb56f-bc61-4372-be1e-5d6dc9648056/air-force-1-07-lv8-next-nature-mens-shoes-bdFBs8.png,https://static.nike.com/a/images/t_default/abe35b2e-2938-4ca6-839f-b439f60ee249/air-force-1-07-lv8-next-nature-mens-shoes-bdFBs8.png
1012689986,Nike Air Force 1 Low Unlocked By You,Custom Men's Shoes,150,Multi-Color,True,https://static.nike.com/a/images/t_default/05e67b6e-a9a7-4c4e-bb75-4aa5429aadb7/custom-air-force-1-low-unlocked-by-you.png,https://static.nike.com/a/images/t_default/fc806aa1-865d-46ca-bbbf-20564826d6c5/custom-air-force-1-low-unlocked-by-you.png,https://static.nike.com/a/images/t_default/514e7807-6d96-448e-9ef5-754aa8d1c9eb/custom-air-force-1-low-unlocked-by-you.png,https://static.nike.com/a/images/t_default/be149f86-1352-4d4c-b1f0-c7a46290ff75/custom-air-force-1-low-unlocked-by-you.png
1011839520,Nike Air Force 1 LV8,Big Kids' Shoes,100,White,True,https://static.nike.com/a/images/t_default/14f3a696-3ca1-4b36-b5a7-05fbedf21cd0/air-force-1-lv8-big-kids-shoes-3f2DJj.png,https://static.nike.com/a/images/t_default/8ce9c5b4-0deb-4a6f-a5ca-8d511779a29b/air-force-1-lv8-big-kids-shoes-3f2DJj.png,https://static.nike.com/a/images/t_default/e33f4be8-b4d0-4c29-a9dd-382223b87b9a/air-force-1-lv8-big-kids-shoes-3f2DJj.png,https://static.nike.com/a/images/t_default/11518328-1b0b-4d15-bf1e-7dc990497eb5/air-force-1-lv8-big-kids-shoes-3f2DJj.png
14096166,Nike Force 1,Baby/Toddler Shoes,55,White,True,https://static.nike.com/a/images/t_default/1a66828a-58d8-47c0-b911-cc4d427a603b/force-1-baby-toddler-shoes-FvHkdR.png,https://static.nike.com/a/images/t_default/3c0511ed-ebac-4a01-8830-189fcfe99d10/force-1-baby-toddler-shoes-FvHkdR.png,https://static.nike.com/a/images/t_default/558836e1-dfd7-463a-8f12-695c09767abb/force-1-baby-toddler-shoes-FvHkdR.png,https://static.nike.com/a/images/t_default/b101eec9-5c85-47be-862f-8b12b93f8b69/force-1-baby-toddler-shoes-FvHkdR.png
1009173238,Nike Air Force 1 '07 Premium,Men's Shoes,150,White,True,https://static.nike.com/a/images/t_default/a9b6d2b3-5612-4c96-9eba-b62c817fffc0/air-force-1-07-premium-mens-shoes-S9NNTv.png,https://static.nike.com/a/images/t_default/2714b55f-c017-4a93-a385-cac01cdc617c/air-force-1-07-premium-mens-shoes-S9NNTv.png,https://static.nike.com/a/images/t_default/6c7879af-274d-4569-8ed6-f6eee48ee0ea/air-force-1-07-premium-mens-shoes-S9NNTv.png,https://static.nike.com/a/images/t_default/82bc63ad-12ca-4641-8998-2e6c450fb04c/air-force-1-07-premium-mens-shoes-S9NNTv.png
12726078,Nike Force 1 Crib,Baby Bootie,45,Black,True,https://static.nike.com/a/images/t_default/ehmxbh09gioulq4omksm/force-1-crib-baby-bootie-clk354.png,https://static.nike.com/a/images/t_default/umhkqxmakzhv93qnlsz2/force-1-crib-baby-bootie-clk354.png,https://static.nike.com/a/images/t_default/wmacetcck50tkefgcrxq/force-1-crib-baby-bootie-clk354.png,https://static.nike.com/a/images/t_default/dxpovdahwh6ow5c9d6s0/force-1-crib-baby-bootie-clk354.png
1009406282,Nike Air Force 1 Low By You,Custom Men's Shoes,130,Multi-Color,True,https://static.nike.com/a/images/t_default/f94d7e32-157b-4220-91d4-88aeb1095f8b/custom-nike-air-force-1-low-by-you.png,https://static.nike.com/a/images/t_default/4bb131fa-a3e9-41fc-9f49-634e6600cdd5/custom-nike-air-force-1-low-by-you.png,https://static.nike.com/a/images/t_default/bb63be95-4df0-4e6a-ab5f-92b7e826be09/custom-nike-air-force-1-low-by-you.png,https://static.nike.com/a/images/t_default/16c9e014-502e-4612-a1af-f81850bf4304/custom-nike-air-force-1-low-by-you.png
1011845472,Nike Air Force 1 LV8,Big Kids' Shoes,100,White,True,https://static.nike.com/a/images/t_default/28ef8b03-5519-4ab6-b501-40ad3dbb196b/air-force-1-lv8-big-kids-shoes-kbd5wR.png,https://static.nike.com/a/images/t_default/b7f40ab7-b820-4a96-99fb-2de09782d84e/air-force-1-lv8-big-kids-shoes-kbd5wR.png,https://static.nike.com/a/images/t_default/73e3a168-54e0-4bdc-8068-225b39f0971d/air-force-1-lv8-big-kids-shoes-kbd5wR.png,https://static.nike.com/a/images/t_default/1d8a01c4-6cb7-40f1-a6ec-85740e874c61/air-force-1-lv8-big-kids-shoes-kbd5wR.png
14114156,Nike Air Force 1 Mid '07 Premium,Men's Shoes,185,Black,True,https://static.nike.com/a/images/t_default/e1b80be6-fce8-4f2f-820e-fad7dd1a1272/air-force-1-mid-07-premium-mens-shoes-6HzNcj.png,https://static.nike.com/a/images/t_default/8094b3c2-92e5-4687-be2c-cc94aeed81e6/air-force-1-mid-07-premium-mens-shoes-6HzNcj.png,https://static.nike.com/a/images/t_default/8f3d366d-86f3-46d9-9739-ff4c948e359b/air-force-1-mid-07-premium-mens-shoes-6HzNcj.png,https://static.nike.com/a/images/t_default/46529403-cf4a-4087-95e7-e86035354d03/air-force-1-mid-07-premium-mens-shoes-6HzNcj.png
1010166315,Nike Force 1 Low SE,Baby/Toddler Shoes,60,Orange,True,https://static.nike.com/a/images/t_default/f59a7d70-fb30-45ab-a308-259284925314/force-1-low-se-baby-toddler-shoes-4xvCm9.png,https://static.nike.com/a/images/t_default/be94ff17-bdea-467e-be47-a8e0287ff5f2/force-1-low-se-baby-toddler-shoes-4xvCm9.png,https://static.nike.com/a/images/t_default/e45d1a64-ccc9-4249-822e-44b3498bd903/force-1-low-se-baby-toddler-shoes-4xvCm9.png,https://static.nike.com/a/images/t_default/ee997d67-494c-42e9-b4ca-7123a43a5143/force-1-low-se-baby-toddler-shoes-4xvCm9.png
1011819971,Nike Air Force 1 Next Nature,Big Kids' Shoes,100,White,True,https://static.nike.com/a/images/t_default/fec20495-8906-4099-b9c2-55f9bb08450f/air-force-1-next-nature-big-kids-shoes-NvdqCW.png,https://static.nike.com/a/images/t_default/6f7c9d59-32c4-4cbb-9fef-e6390cefd7b8/air-force-1-next-nature-big-kids-shoes-NvdqCW.png,https://static.nike.com/a/images/t_default/bebd9783-8349-404a-b2a3-7039f506d43c/air-force-1-next-nature-big-kids-shoes-NvdqCW.png,https://static.nike.com/a/images/t_default/2730f833-6c23-4979-b70b-b7bb44b88cc3/air-force-1-next-nature-big-kids-shoes-NvdqCW.png
1000197445,Nike Air Force 1 Mid '07,Men's Shoes,120,White,True,https://static.nike.com/a/images/t_default/f2f5ab29-36fb-48c7-81d9-50baa654b2b9/air-force-1-mid-07-mens-shoes-CmXM62.png,https://static.nike.com/a/images/t_default/81983d1e-8a73-4f7f-9a95-0fdda84e3d75/air-force-1-mid-07-mens-shoes-CmXM62.png,https://static.nike.com/a/images/t_default/c3fe41a5-9508-45fc-bd1e-9c3df3566463/air-force-1-mid-07-mens-shoes-CmXM62.png,https://static.nike.com/a/images/t_default/d2ca4766-50cc-4d93-b549-459417047e6e/air-force-1-mid-07-mens-shoes-CmXM62.png
1009351172,Nike Air Force 1 High By You,Women's Custom Shoes,145,Multi-Color,True,https://static.nike.com/a/images/t_default/cd56e210-35a7-45ea-acf3-fcd8ffcb6456/custom-nike-air-force-1-high-by-you-shoes.png,https://static.nike.com/a/images/t_default/08be97d4-10be-4f75-9187-97adef9798ef/custom-nike-air-force-1-high-by-you-shoes.png,https://static.nike.com/a/images/t_default/0af5547a-114e-4e40-a396-da36eae4bca8/custom-nike-air-force-1-high-by-you-shoes.png,https://static.nike.com/a/images/t_default/ac164a86-46df-4a80-a7cb-8357b791bebc/custom-nike-air-force-1-high-by-you-shoes.png
1011845474,Nike Air Force 1 LV8,Big Kids' Shoes,100,Blue,True,https://static.nike.com/a/images/t_default/85359e16-f5d4-4f24-9627-34fe3649f8ec/air-force-1-lv8-big-kids-shoes-47knZ6.png,https://static.nike.com/a/images/t_default/354d56f4-a322-4b82-8fa2-f391b80721d5/air-force-1-lv8-big-kids-shoes-47knZ6.png,https://static.nike.com/a/images/t_default/ded7b836-e5f0-4cf7-92fb-5e06d61381f6/air-force-1-lv8-big-kids-shoes-47knZ6.png,https://static.nike.com/a/images/t_default/1f5a62b4-7995-47a0-add5-60126dabe8b5/air-force-1-lv8-big-kids-shoes-47knZ6.png
13144168,Nike Air Force 1 High LE,Big Kids' Shoes,105,Black,True,https://static.nike.com/a/images/t_default/f885719f-1b24-4352-bef5-83394c184351/air-force-1-high-le-big-kids-shoes-81vt1b.png,https://static.nike.com/a/images/t_default/79a1a6b9-2b64-42b0-ba42-541b897feffa/air-force-1-high-le-big-kids-shoes-81vt1b.png,https://static.nike.com/a/images/t_default/44b7fb94-6db0-4c24-bb5e-3a0ea9b7cb0a/air-force-1-high-le-big-kids-shoes-81vt1b.png,https://static.nike.com/a/images/t_default/ce2a38df-26c0-4bec-9ede-f3b9c7b965b1/air-force-1-high-le-big-kids-shoes-81vt1b.png
1010055968,Nike Air Force 1 '07 LX,Men's Shoes,140,White,True,https://static.nike.com/a/images/t_default/52534247-1fb4-49e2-9195-9f4678c22d59/air-force-1-07-lx-mens-shoes-kgJBLz.png,https://static.nike.com/a/images/t_default/29d7cda2-577d-47fb-bae7-d9a97ec1ed9b/air-force-1-07-lx-mens-shoes-kgJBLz.png,https://static.nike.com/a/images/t_default/065974a7-665c-440b-a504-cd35bf7e7d57/air-force-1-07-lx-mens-shoes-kgJBLz.png,https://static.nike.com/a/images/t_default/0dd97bcf-6f36-486a-a7e2-d0173265942d/air-force-1-07-lx-mens-shoes-kgJBLz.png
14096246,Nike Air Force 1 LV8,Big Kids' Shoes,95,Yellow,True,https://static.nike.com/a/images/t_default/92aadfa3-0184-4e34-8109-462798e812bb/air-force-1-lv8-big-kids-shoes-BktXWT.png,https://static.nike.com/a/images/t_default/a533411b-7257-4048-9265-84ea8506406b/air-force-1-lv8-big-kids-shoes-BktXWT.png,https://static.nike.com/a/images/t_default/f739541f-bc5c-4c98-beed-fd33df48c5ef/air-force-1-lv8-big-kids-shoes-BktXWT.png,https://static.nike.com/a/images/t_default/4ad258e2-8cd1-4893-b57c-a2749f190385/air-force-1-lv8-big-kids-shoes-BktXWT.png
1009356266,Nike Air Force 1 High By You,Men's Custom Shoes,145,Multi-Color,True,https://static.nike.com/a/images/t_default/f1ddf9b5-e3c1-44d3-8a44-f0c448adb22c/custom-nike-air-force-1-high-by-you-shoes.png,https://static.nike.com/a/images/t_default/e0512dab-4bcd-42f1-b684-878b2a67a9a8/custom-nike-air-force-1-high-by-you-shoes.png,https://static.nike.com/a/images/t_default/6c6c088d-db2d-4743-8cc6-4ed255c87eb4/custom-nike-air-force-1-high-by-you-shoes.png,https://static.nike.com/a/images/t_default/e9488b92-7dc3-4578-a62a-1442a67f2ce8/custom-nike-air-force-1-high-by-you-shoes.png
1010125411,Nike Air Force 1,Big Kids' Shoes,90,White,True,https://static.nike.com/a/images/t_default/776b4fdb-49ba-48ab-8cd8-255c28441198/air-force-1-big-kids-shoes-xw5kjz.png,https://static.nike.com/a/images/t_default/9be01e87-89dd-4547-bd6d-d3165d9ab641/air-force-1-big-kids-shoes-xw5kjz.png,https://static.nike.com/a/images/t_default/554da492-8d23-45f9-b46b-3760a6948cb0/air-force-1-big-kids-shoes-xw5kjz.png,https://static.nike.com/a/images/t_default/6371c845-4705-46fc-901a-001361a82f9c/air-force-1-big-kids-shoes-xw5kjz.png
14263487,Nike Air Force 1 Low Premium Houston,Men's Shoes,150,Black,True,https://static.nike.com/a/images/t_default/72cb6722-1ff1-455f-b2ee-0617ffe8c87c/air-force-1-low-premium-houston-mens-shoes-GvGJKN.png,https://static.nike.com/a/images/t_default/f3626578-8f44-478b-8773-cc9cc279f208/air-force-1-low-premium-houston-mens-shoes-GvGJKN.png,https://static.nike.com/a/images/t_default/3633251c-2fe9-49fa-a38e-1892e55f2f99/air-force-1-low-premium-houston-mens-shoes-GvGJKN.png,https://static.nike.com/a/images/t_default/01448a71-b62a-4109-8d97-13f0676b7f4d/air-force-1-low-premium-houston-mens-shoes-GvGJKN.png
1009157878,Nike Force 1 LV8,Baby/Toddler Shoes,65,Red,True,https://static.nike.com/a/images/t_default/1233dc0a-257f-4c0c-a0c8-f329334aa4a0/force-1-lv8-baby-toddler-shoes-BVRlLv.png,https://static.nike.com/a/images/t_default/e55472a2-c8af-441d-9a19-d4e1545763ca/force-1-lv8-baby-toddler-shoes-BVRlLv.png,https://static.nike.com/a/images/t_default/916de038-54aa-4341-a85b-0a0039487758/force-1-lv8-baby-toddler-shoes-BVRlLv.png,https://static.nike.com/a/images/t_default/ec4f1790-94f0-485c-85f9-6d34a29a107a/force-1-lv8-baby-toddler-shoes-BVRlLv.png
13976081,Nike Force 1 Toggle,Baby/Toddler Shoes,55,White,True,https://static.nike.com/a/images/t_default/077f0768-d34c-4df1-ab62-4c736d85c425/force-1-toggle-baby-toddler-shoes-hGm7GB.png,https://static.nike.com/a/images/t_default/1e790dd3-7494-4a01-b4fa-cf77b8846937/force-1-toggle-baby-toddler-shoes-hGm7GB.png,https://static.nike.com/a/images/t_default/6c2c49d5-4c8f-4ad8-b8e6-39499f953564/force-1-toggle-baby-toddler-shoes-hGm7GB.png,https://static.nike.com/a/images/t_default/ad4a62b1-4c63-40fa-9408-958e60e7dc57/force-1-toggle-baby-toddler-shoes-hGm7GB.png
14266168,Nike Air Force 1 '07 LV8,Men's Shoes,130,Black,True,https://static.nike.com/a/images/t_default/18734018-620a-4d31-bebf-eeeaa7e3cc76/air-force-1-07-lv8-mens-shoes-M866WJ.png,https://static.nike.com/a/images/t_default/de02b526-843f-4a2e-9178-e0f045a4e52c/air-force-1-07-lv8-mens-shoes-M866WJ.png,https://static.nike.com/a/images/t_default/95578791-8493-446d-9e94-b4ef23b34156/air-force-1-07-lv8-mens-shoes-M866WJ.png,https://static.nike.com/a/images/t_default/f355e6ab-4323-47e1-bb66-c9174a56461e/air-force-1-07-lv8-mens-shoes-M866WJ.png
1010132306,Nike Air Force 1 Mid '07,Men's Shoes,160,White,True,https://static.nike.com/a/images/t_default/023fdd46-0de7-43cf-94af-e7e093cf968f/air-force-1-mid-07-mens-shoes-rJwpc6.png,https://static.nike.com/a/images/t_default/381ec441-89a3-4c08-bd40-56be9081be22/air-force-1-mid-07-mens-shoes-rJwpc6.png,https://static.nike.com/a/images/t_default/88418a2b-698d-41c8-9dbd-0d9816afc0f1/air-force-1-mid-07-mens-shoes-rJwpc6.png,https://static.nike.com/a/images/t_default/ce749a03-ea73-47bc-9205-461e797e2e5a/air-force-1-mid-07-mens-shoes-rJwpc6.png
1007401343,Nike Force 1,Little Kids' Shoes,70,Grey,True,https://static.nike.com/a/images/t_default/02bafcec-7bce-481d-b36c-50091804b4c9/force-1-little-kids-shoes-0fjJmj.png,https://static.nike.com/a/images/t_default/3802b958-fe2c-45d7-b03b-47b9a8ef0988/force-1-little-kids-shoes-0fjJmj.png,https://static.nike.com/a/images/t_default/b1425a07-a9ae-4887-98a7-8fc825755650/force-1-little-kids-shoes-0fjJmj.png,https://static.nike.com/a/images/t_default/044e6da4-5d1c-4cbe-b040-6e32cbbf2608/force-1-little-kids-shoes-0fjJmj.png
1000460275,Nike Air Force 1 High '07 LV8,Men's Shoes,145,Grey,True,https://static.nike.com/a/images/t_default/3727d0f9-a6d1-4ee9-993c-9aac2fd0b65b/air-force-1-high-07-lv8-mens-shoes-lR6frj.png,https://static.nike.com/a/images/t_default/60900802-85de-4d61-bb36-41f493ee6a6c/air-force-1-high-07-lv8-mens-shoes-lR6frj.png,https://static.nike.com/a/images/t_default/5eb58c0d-9d16-4289-a991-0edd182abd11/air-force-1-high-07-lv8-mens-shoes-lR6frj.png,https://static.nike.com/a/images/t_default/d9c2b9d8-eb5a-40a8-9f9f-33a91076a8b8/air-force-1-high-07-lv8-mens-shoes-lR6frj.png
1011845456,Nike Force 1 LV8,Baby/Toddler Shoes,65,White,True,https://static.nike.com/a/images/t_default/79050cac-e418-4704-9c19-900239ce308c/force-1-lv8-baby-toddler-shoes-rGHNkl.png,https://static.nike.com/a/images/t_default/1f79d94e-df66-4189-af24-2583d16768d2/force-1-lv8-baby-toddler-shoes-rGHNkl.png,https://static.nike.com/a/images/t_default/7a55c729-03c2-4c38-bfa4-b39473b0443e/force-1-lv8-baby-toddler-shoes-rGHNkl.png,https://static.nike.com/a/images/t_default/01dc69a7-c9a8-4919-9f95-288c437e9bcf/force-1-lv8-baby-toddler-shoes-rGHNkl.png
1009174604,Nike Air Force 1 Impact Next Nature,Big Kids' Shoes,95,White,True,https://static.nike.com/a/images/t_default/fadc6410-f705-4e63-88f4-3cc9da41eb13/air-force-1-impact-next-nature-big-kids-shoes-617Rzw.png,https://static.nike.com/a/images/t_default/cfeb7122-9fbe-43df-a226-b3d10abbf9a7/air-force-1-impact-next-nature-big-kids-shoes-617Rzw.png,https://static.nike.com/a/images/t_default/81e81d8b-c917-4a1f-b5b3-03f720ab0142/air-force-1-impact-next-nature-big-kids-shoes-617Rzw.png,https://static.nike.com/a/images/t_default/5ae75845-e89d-4e48-b6b5-1fc9d049fa37/air-force-1-impact-next-nature-big-kids-shoes-617Rzw.png
1012584829,Nike Air Force 1,Big Kids' Shoes,90,Black,True,https://static.nike.com/a/images/t_default/07c64825-abdf-4aa6-a1d8-f6e3186dff40/air-force-1-big-kids-shoes-lTcPjk.png,https://static.nike.com/a/images/t_default/8f6d1880-687a-42a1-95bc-cfd2b3c1209b/air-force-1-big-kids-shoes-lTcPjk.png,https://static.nike.com/a/images/t_default/11873d78-8a09-49de-9446-8ebcabd5d824/air-force-1-big-kids-shoes-lTcPjk.png,https://static.nike.com/a/images/t_default/79b8d0d7-c63c-458e-8f6f-f1c7845dc103/air-force-1-big-kids-shoes-lTcPjk.png
1011876292,Nike Force 1 LV8,Little Kids' Shoes,80,White,True,https://static.nike.com/a/images/t_default/fa86d330-d2bb-4781-b27a-20ea70d7d9f3/force-1-lv8-little-kids-shoes-pffsZV.png,https://static.nike.com/a/images/t_default/149c54f2-0d33-4229-a496-89f78b8a4d6b/force-1-lv8-little-kids-shoes-pffsZV.png,https://static.nike.com/a/images/t_default/423c357c-243c-435b-b0bf-4e7682639a0e/force-1-lv8-little-kids-shoes-pffsZV.png,https://static.nike.com/a/images/t_default/df2e3296-5ee1-41cb-adb5-b06711a928e5/force-1-lv8-little-kids-shoes-pffsZV.png
13130487,Nike Force 1 LE,Baby/Toddler Shoe,55,Black,True,https://static.nike.com/a/images/t_default/9386d0f0-65a0-47a5-bce2-e14ebb8c5caa/force-1-le-baby-toddler-shoe-8WvsS7.png,https://static.nike.com/a/images/t_default/02115510-342f-43d0-bf92-d3a6a4d5e920/force-1-le-baby-toddler-shoe-8WvsS7.png,https://static.nike.com/a/images/t_default/8fa62e85-cd97-475d-b2e8-b2b5e7620412/force-1-le-baby-toddler-shoe-8WvsS7.png,https://static.nike.com/a/images/t_default/b263fd84-26a9-4d97-a971-6103cfe2e207/force-1-le-baby-toddler-shoe-8WvsS7.png
1007528992,Nike Air Force 1 Low x Premium Goods,Women's Shoes,150,Brown,True,https://static.nike.com/a/images/t_default/301aec63-5b12-4e89-abd9-b7041943bc7f/air-force-1-low-x-premium-goods-womens-shoes-CJgM2f.png,https://static.nike.com/a/images/t_default/0f578762-f300-4e75-8395-5a88a6af9bd0/air-force-1-low-x-premium-goods-womens-shoes-CJgM2f.png,https://static.nike.com/a/images/t_default/0890e48f-e219-40a3-9f50-00040df38979/air-force-1-low-x-premium-goods-womens-shoes-CJgM2f.png,https://static.nike.com/a/images/t_default/1e96a3f1-c4a0-4e2d-a349-c6568c30ef03/air-force-1-low-x-premium-goods-womens-shoes-CJgM2f.png
1011843086,Nike J Force 1 Low LX SP,Women's Shoes,170,Black,True,https://static.nike.com/a/images/t_default/88ef98c4-3b86-4973-924f-66580025026f/j-force-1-low-lx-sp-womens-shoes-mj8RZW.png,https://static.nike.com/a/images/t_default/33eea145-aa10-4aed-9d10-a33c6ab95f74/j-force-1-low-lx-sp-womens-shoes-mj8RZW.png,https://static.nike.com/a/images/t_default/ef088dbd-e2d7-4a65-b24f-8a3feb130857/j-force-1-low-lx-sp-womens-shoes-mj8RZW.png,https://static.nike.com/a/images/t_default/dc8fd406-9034-4c7b-8b03-396de1ce565d/j-force-1-low-lx-sp-womens-shoes-mj8RZW.png
14234842,Nike Air Force 1 '07 SE,Women's Shoes,120,Grey,True,https://static.nike.com/a/images/t_default/3e5fbe25-a732-4a52-b719-d3b37f2b5149/air-force-1-07-se-womens-shoes-bt2vW8.png,https://static.nike.com/a/images/t_default/07417a3c-4e3c-40da-9232-62d439ae5dea/air-force-1-07-se-womens-shoes-bt2vW8.png,https://static.nike.com/a/images/t_default/9a883cd3-3194-46c4-b6d7-dfee600233be/air-force-1-07-se-womens-shoes-bt2vW8.png,https://static.nike.com/a/images/t_default/7379e97c-2f70-4a86-af4b-1b37da6593cd/air-force-1-07-se-womens-shoes-bt2vW8.png
1011845682,Nike Air Force 1 Low Premium,Men's Shoes,150,Blue,True,https://static.nike.com/a/images/t_default/e5b32370-789f-40d7-bdbe-1ec71d7b7618/air-force-1-low-premium-mens-shoes-5pqGTW.png,https://static.nike.com/a/images/t_default/83a93b62-aa86-488d-948e-2b5b7427ae1e/air-force-1-low-premium-mens-shoes-5pqGTW.png,https://static.nike.com/a/images/t_default/f3ec87bc-1dae-4565-887e-33c062bdb285/air-force-1-low-premium-mens-shoes-5pqGTW.png,https://static.nike.com/a/images/t_default/c2692963-2fcc-4818-9c6e-176f47cc533f/air-force-1-low-premium-mens-shoes-5pqGTW.png
1010126406,"Nike Air Force 1 '07 ""ATL""",Men's Shoes,130,Red,True,https://static.nike.com/a/images/t_default/938e795c-91e1-4c18-99a1-24b9298fc222/air-force-1-07-atl-mens-shoes-BvGcPl.png,https://static.nike.com/a/images/t_default/7c07a8fd-9c4e-4260-9d5e-746619d833c8/air-force-1-07-atl-mens-shoes-BvGcPl.png,https://static.nike.com/a/images/t_default/1f6c472b-a8e0-4f97-b136-7f1e3cb2861a/air-force-1-07-atl-mens-shoes-BvGcPl.png,https://static.nike.com/a/images/t_default/e7d4ee70-5805-43b3-b552-b22e2d243422/air-force-1-07-atl-mens-shoes-BvGcPl.png
1010170761,Nike Force 1 LV8 2,Little Kids' Shoes,75,Orange,True,https://static.nike.com/a/images/t_default/d4287483-b80e-4fb0-b8b1-5b87b922a79c/force-1-lv8-2-little-kids-shoes-T152dT.png,https://static.nike.com/a/images/t_default/9c0b9dff-32bb-43be-b26d-0bf222a82a33/force-1-lv8-2-little-kids-shoes-T152dT.png,https://static.nike.com/a/images/t_default/0584fd42-8335-4652-820e-43df848f308f/force-1-lv8-2-little-kids-shoes-T152dT.png,https://static.nike.com/a/images/t_default/4b524255-a6e4-48de-9c91-d0c9a28d3952/force-1-lv8-2-little-kids-shoes-T152dT.png
1012328855,Nike Air Force 1 LX,Women's Shoes,130,Brown,True,https://static.nike.com/a/images/t_default/776f7db2-36b0-44ff-b6de-eb93120a25bf/air-force-1-lx-womens-shoes-t8K12n.png,https://static.nike.com/a/images/t_default/5b493d79-a683-43ae-af70-6611ffd342dd/air-force-1-lx-womens-shoes-t8K12n.png,https://static.nike.com/a/images/t_default/299a7cdc-f7d2-4c49-9027-b3827b4b9b08/air-force-1-lx-womens-shoes-t8K12n.png,https://static.nike.com/a/images/t_default/36588403-f6ad-41a8-8bc5-0e9556de23a1/air-force-1-lx-womens-shoes-t8K12n.png
1008590785,Nike Air Force 1 High,Big Kids' Shoes,105,White,True,https://static.nike.com/a/images/t_default/b60c84ba-045f-43a3-8dc4-1fb2afd79eda/air-force-1-high-big-kids-shoes-FWPQFN.png,https://static.nike.com/a/images/t_default/6b6b1558-d5c2-4ce8-830c-6a6ed590eb6d/air-force-1-high-big-kids-shoes-FWPQFN.png,https://static.nike.com/a/images/t_default/14bbf6f2-490c-47fc-8ce7-215933b39d11/air-force-1-high-big-kids-shoes-FWPQFN.png,https://static.nike.com/a/images/t_default/e5c93ec1-c0da-46c5-982b-933d28abb2a0/air-force-1-high-big-kids-shoes-FWPQFN.png
13846183,Nike Air Force 1 LV8,Big Kids' Shoes,100,White,True,https://static.nike.com/a/images/t_default/a14d314c-5e95-4def-b240-06299d190f68/air-force-1-lv8-big-kids-shoes-1jq1pP.png,https://static.nike.com/a/images/t_default/4bf4df28-3f82-42c6-87b0-e98fa0bad227/air-force-1-lv8-big-kids-shoes-1jq1pP.png,https://static.nike.com/a/images/t_default/ab15d7c0-84ca-450a-b612-aaf96cf8a7e6/air-force-1-lv8-big-kids-shoes-1jq1pP.png,https://static.nike.com/a/images/t_default/d749cb7e-c823-4dd4-a038-cb11220ed7a4/air-force-1-lv8-big-kids-shoes-1jq1pP.png
1010165182,Nike Force 1 Low SE,Little Kids' Shoes,75,Orange,True,https://static.nike.com/a/images/t_default/5b6fee2d-79a4-4747-a6fe-59195aaef16f/force-1-low-se-little-kids-shoes-cXL65x.png,https://static.nike.com/a/images/t_default/1cabc31b-b0d8-478b-9e24-9023bf7676db/force-1-low-se-little-kids-shoes-cXL65x.png,https://static.nike.com/a/images/t_default/28295133-5027-4652-91ee-9cd75b1be7bd/force-1-low-se-little-kids-shoes-cXL65x.png,https://static.nike.com/a/images/t_default/8c8b0fd1-c246-48fa-a3fe-27aae1885e92/force-1-low-se-little-kids-shoes-cXL65x.png
1012399268,Nike Force 1 LV8,Little Kids' Shoes,75,White,True,https://static.nike.com/a/images/t_default/4b4b65c5-918b-4f61-bb3c-ea2a772ff434/force-1-lv8-little-kids-shoes-f9Q9LM.png,https://static.nike.com/a/images/t_default/c37714ff-dc07-495e-907c-539fa4af5fb4/force-1-lv8-little-kids-shoes-f9Q9LM.png,https://static.nike.com/a/images/t_default/6d725003-a1d1-4962-bf3f-5df2524cedfe/force-1-lv8-little-kids-shoes-f9Q9LM.png,https://static.nike.com/a/images/t_default/0f8eae62-29c2-4c91-98c6-85344e205663/force-1-lv8-little-kids-shoes-f9Q9LM.png
1012405502,Nike Air Force 1 LV8 2,Big Kids' Shoes,95,White,True,https://static.nike.com/a/images/t_default/acd8e1d7-74c0-4ebd-b040-60b735ba1cb0/air-force-1-lv8-2-big-kids-shoes-2W05Kh.png,https://static.nike.com/a/images/t_default/07a2a361-0b61-4359-80eb-d82c7d232c0e/air-force-1-lv8-2-big-kids-shoes-2W05Kh.png,https://static.nike.com/a/images/t_default/b4ead0d8-2c71-4e67-a102-b498ee0e7a60/air-force-1-lv8-2-big-kids-shoes-2W05Kh.png,https://static.nike.com/a/images/t_default/5a1f4189-6fcc-405f-bc0d-c1017ae013eb/air-force-1-lv8-2-big-kids-shoes-2W05Kh.png
1011839533,Nike Air Force 1 07 LX,Women's Shoes,130,White,True,https://static.nike.com/a/images/t_default/e2616858-d1ca-43cd-8e23-2cee7dedbe58/air-force-1-07-lx-womens-shoes-VVL5B1.png,https://static.nike.com/a/images/t_default/6c366583-7493-4cc1-964b-b4dea316a0f3/air-force-1-07-lx-womens-shoes-VVL5B1.png,https://static.nike.com/a/images/t_default/9d7911e8-9c03-4664-9a55-00fbc74ee0f1/air-force-1-07-lx-womens-shoes-VVL5B1.png,https://static.nike.com/a/images/t_default/2393a7c9-5319-4d1f-be5b-6e2a630a06cf/air-force-1-07-lx-womens-shoes-VVL5B1.png
1010123410,Nike Force 1 LV8,Little Kids' Shoes,80,White,True,https://static.nike.com/a/images/t_default/236a66a2-2c4e-4aa1-a9c9-73ff49f3defd/force-1-lv8-little-kids-shoes-ZXqGPm.png,https://static.nike.com/a/images/t_default/8f16fa69-0bbb-47ae-95b5-1b7898df7f93/force-1-lv8-little-kids-shoes-ZXqGPm.png,https://static.nike.com/a/images/t_default/a143725d-b6d2-4c3e-8d2d-125be9ed03a0/force-1-lv8-little-kids-shoes-ZXqGPm.png,https://static.nike.com/a/images/t_default/44433450-a40a-4545-98c3-5aae8c475ee2/force-1-lv8-little-kids-shoes-ZXqGPm.png
1012403739,Nike Force 1 LV8 2,Baby/Toddler Shoes,60,White,True,https://static.nike.com/a/images/t_default/09396741-0b4a-46fc-a941-44e4a645f96d/force-1-lv8-2-baby-toddler-shoes-v3sxN8.png,https://static.nike.com/a/images/t_default/652fd81b-942e-4dd0-a840-3024f6b4d6f6/force-1-lv8-2-baby-toddler-shoes-v3sxN8.png,https://static.nike.com/a/images/t_default/26c1c37a-1f62-4158-9760-0a6c5d22c4b1/force-1-lv8-2-baby-toddler-shoes-v3sxN8.png,https://static.nike.com/a/images/t_default/6c467ce1-f94c-4621-9d55-aa5ff3a85a26/force-1-lv8-2-baby-toddler-shoes-v3sxN8.png
14188265,Nike Air Force 1 Mid '07 QS,Men's Shoes,150,Purple,True,https://static.nike.com/a/images/t_default/e2f91c8b-30cb-4c35-909f-913f36359411/air-force-1-mid-07-qs-mens-shoes-plNt2Q.png,https://static.nike.com/a/images/t_default/614cc31b-357d-4df3-b485-72e1aeb03d9f/air-force-1-mid-07-qs-mens-shoes-plNt2Q.png,https://static.nike.com/a/images/t_default/19a6432c-576b-45c8-8fd1-54e15b44b29e/air-force-1-mid-07-qs-mens-shoes-plNt2Q.png,https://static.nike.com/a/images/t_default/60e47489-229f-4146-9ca2-eec97ee1bf33/air-force-1-mid-07-qs-mens-shoes-plNt2Q.png
1010070677,Nike Air Force 1 '07 LX,Women's Shoes,130,Green,True,https://static.nike.com/a/images/t_default/df036356-5563-4446-8f87-4bac3d4ffe2b/air-force-1-07-lx-womens-shoes-HCBg9w.png,https://static.nike.com/a/images/t_default/34e6eace-ae0f-4f55-b450-ca79f2735b72/air-force-1-07-lx-womens-shoes-HCBg9w.png,https://static.nike.com/a/images/t_default/2fdde5f1-d0ff-4fd0-aa7e-3a9262e4153f/air-force-1-07-lx-womens-shoes-HCBg9w.png,https://static.nike.com/a/images/t_default/9907260f-fe0b-46b2-9ec1-c2cea6d5a332/air-force-1-07-lx-womens-shoes-HCBg9w.png
1003842761,Nike Air Force 1 LV8,Big Kid's Shoes,95,Blue,True,https://static.nike.com/a/images/t_default/88311a6d-46bb-4d17-be9c-ae2cfad77c66/air-force-1-lv8-big-kids-shoes-rbwFkC.png,https://static.nike.com/a/images/t_default/e9ff1067-af4e-41f1-9930-17412dcae75d/air-force-1-lv8-big-kids-shoes-rbwFkC.png,https://static.nike.com/a/images/t_default/9ae99bff-1df2-4319-9101-ddf472be2494/air-force-1-lv8-big-kids-shoes-rbwFkC.png,https://static.nike.com/a/images/t_default/f6c5a2f3-a4fe-4a0b-b1be-3ac4ec1d9c9a/air-force-1-lv8-big-kids-shoes-rbwFkC.png
1007401289,Nike Force 1 LV8 2,Baby/Toddler Shoes,60,Black,True,https://static.nike.com/a/images/t_default/d280e9a2-95a6-428a-82bc-e1fb21e00128/force-1-lv8-2-baby-toddler-shoes-9GdPZ4.png,https://static.nike.com/a/images/t_default/8c63b8f1-d85c-44e6-8bfa-7ccd11205397/force-1-lv8-2-baby-toddler-shoes-9GdPZ4.png,https://static.nike.com/a/images/t_default/8d385a0a-f17b-4409-8309-1f69fc4f7567/force-1-lv8-2-baby-toddler-shoes-9GdPZ4.png,https://static.nike.com/a/images/t_default/ad99ac4a-3528-495c-b3a1-553978201ccb/force-1-lv8-2-baby-toddler-shoes-9GdPZ4.png
13844904,Nike Force 1 Crater Next Nature,Baby/Toddler Shoes,60,White,True,https://static.nike.com/a/images/t_default/dc906dfc-0392-41f5-82e8-7d5518eae5bd/force-1-crater-next-nature-baby-toddler-shoes-QcGLbZ.png,https://static.nike.com/a/images/t_default/27e2ee59-dcb9-4070-8e9f-bc6e162adebd/force-1-crater-next-nature-baby-toddler-shoes-QcGLbZ.png,https://static.nike.com/a/images/t_default/bf0a0dfe-65f0-4ff0-b2a8-ef670fe74dcf/force-1-crater-next-nature-baby-toddler-shoes-QcGLbZ.png,https://static.nike.com/a/images/t_default/439a8e66-ee3d-4f5b-9c00-d299751057e2/force-1-crater-next-nature-baby-toddler-shoes-QcGLbZ.png
1010246509,Nike Force 1 Low SE,Baby/Toddler Shoes,55,White,True,https://static.nike.com/a/images/t_default/9e492201-c34c-408e-be66-93f74036e282/force-1-low-se-baby-toddler-shoes-W6wk8p.png,https://static.nike.com/a/images/t_default/b101a58e-9d88-4a18-b03c-5d8d00771fe8/force-1-low-se-baby-toddler-shoes-W6wk8p.png,https://static.nike.com/a/images/t_default/87e1c03e-3335-4d04-8e59-fd3966f1cd9a/force-1-low-se-baby-toddler-shoes-W6wk8p.png,https://static.nike.com/a/images/t_default/c490edd9-7af4-4af5-a0b5-712c6ecdbdb0/force-1-low-se-baby-toddler-shoes-W6wk8p.png
1010168265,Nike Force 1 LV8 2,Baby/Toddler Shoes,60,Orange,True,https://static.nike.com/a/images/t_default/c41d06ea-b585-4853-9cec-59c4e2e147b3/force-1-lv8-2-baby-toddler-shoes-1wH8bC.png,https://static.nike.com/a/images/t_default/d068bc22-3b95-4958-8b38-9618a55c57b2/force-1-lv8-2-baby-toddler-shoes-1wH8bC.png,https://static.nike.com/a/images/t_default/4fe3c882-a7bb-4327-b76b-934c13fe588d/force-1-lv8-2-baby-toddler-shoes-1wH8bC.png,https://static.nike.com/a/images/t_default/ac9f213b-e1fe-439a-8d21-0d660ce41972/force-1-lv8-2-baby-toddler-shoes-1wH8bC.png
1007406112,Nike Air Force 1 Mid '07 LX,Men's Shoes,150,Grey,True,https://static.nike.com/a/images/t_default/2f76e184-cbc9-41d8-97a3-f8ebfc5fd347/air-force-1-mid-07-lx-mens-shoes-083W0h.png,https://static.nike.com/a/images/t_default/a4af017a-3399-4e61-8f3c-aca2a46f5eb8/air-force-1-mid-07-lx-mens-shoes-083W0h.png,https://static.nike.com/a/images/t_default/a06800d9-fa2c-427d-88c5-193e82bae32a/air-force-1-mid-07-lx-mens-shoes-083W0h.png,https://static.nike.com/a/images/t_default/552c6e45-9ded-4bf5-9b85-818373ee358c/air-force-1-mid-07-lx-mens-shoes-083W0h.png
14244688,Nike Air Force 1 Mid '07 LV8,Men's Shoes,140,White,True,https://static.nike.com/a/images/t_default/e4b5bdcf-3912-4729-b983-3e05596d7831/air-force-1-mid-07-lv8-mens-shoes-vSC6zC.png,https://static.nike.com/a/images/t_default/61b2bb5f-91b9-4c62-8ba7-a8eefa1ba48b/air-force-1-mid-07-lv8-mens-shoes-vSC6zC.png,https://static.nike.com/a/images/t_default/7698a3dd-ccb4-4f24-8692-6563fc9e9980/air-force-1-mid-07-lv8-mens-shoes-vSC6zC.png,https://static.nike.com/a/images/t_default/b709e951-9c6d-445a-b6ae-1628032b146a/air-force-1-mid-07-lv8-mens-shoes-vSC6zC.png
1012328462,Nike Air Force 1 Lover XX,Women's Shoes,130,Purple,True,https://static.nike.com/a/images/t_default/d42528c0-7f3e-4786-adec-7877ed3a88a5/air-force-1-lover-xx-womens-shoes-PvLzM3.png,https://static.nike.com/a/images/t_default/c00efe08-b68a-44d2-b364-b6d9746ed9b7/air-force-1-lover-xx-womens-shoes-PvLzM3.png,https://static.nike.com/a/images/t_default/c3fa8f60-654a-47f4-af77-f3ef8d4e212a/air-force-1-lover-xx-womens-shoes-PvLzM3.png,https://static.nike.com/a/images/t_default/01a6a8e8-90c4-42c7-9b6a-286146dbfd50/air-force-1-lover-xx-womens-shoes-PvLzM3.png
1011839522,Nike Air Force 1 LV8,Big Kids' Shoes,100,White,True,https://static.nike.com/a/images/t_default/8112b8a3-a5fc-443e-9336-b78d7b2db1d6/air-force-1-lv8-big-kids-shoes-PNbgfR.png,https://static.nike.com/a/images/t_default/a3e56752-63a8-43ab-badd-1178889bdb16/air-force-1-lv8-big-kids-shoes-PNbgfR.png,https://static.nike.com/a/images/t_default/bf38de4f-74b7-4340-b3f6-7690fd49d417/air-force-1-lv8-big-kids-shoes-PNbgfR.png,https://static.nike.com/a/images/t_default/8b51d57a-b754-4450-b2ff-640f0c3431bd/air-force-1-lv8-big-kids-shoes-PNbgfR.png
1011876290,Nike Force 1 LV8,Baby/Toddler Shoes,65,White,True,https://static.nike.com/a/images/t_default/3e7f96ac-6cb1-437d-be6c-52dcba1f5ba3/force-1-lv8-baby-toddler-shoes-fKJb5k.png,https://static.nike.com/a/images/t_default/9ef4a1c2-a73f-4b73-827d-e4fd2fd1c2bc/force-1-lv8-baby-toddler-shoes-fKJb5k.png,https://static.nike.com/a/images/t_default/3ace1127-b487-4076-b3c3-f3604e3568fa/force-1-lv8-baby-toddler-shoes-fKJb5k.png,https://static.nike.com/a/images/t_default/3227ce99-9534-4f6b-a9db-781c3dcbce9e/force-1-lv8-baby-toddler-shoes-fKJb5k.png
14154962,Nike Air Force 1 '07 LV8,Men's Shoes,130,Pink,True,https://static.nike.com/a/images/t_default/94bdb62d-c296-4d6a-ae6b-c54dfe2b4acf/air-force-1-07-lv8-mens-shoes-1C4L8V.png,https://static.nike.com/a/images/t_default/b49bd49d-c8d5-46cb-ba16-a4dde5f71a54/air-force-1-07-lv8-mens-shoes-1C4L8V.png,https://static.nike.com/a/images/t_default/b5d5f8cf-8d18-4d70-9753-c5e91f19fd84/air-force-1-07-lv8-mens-shoes-1C4L8V.png,https://static.nike.com/a/images/t_default/e4c718f7-9cd0-4eeb-9123-b046a8509d39/air-force-1-07-lv8-mens-shoes-1C4L8V.png
14206463,Nike Air Force 1 x Serena Williams Design Crew,Shoes,140,Blue,True,https://static.nike.com/a/images/t_default/18378681-1d83-4d5f-bb34-93982e63bbf8/air-force-1-x-serena-williams-design-crew-shoes-XH4MP1.png,https://static.nike.com/a/images/t_default/f6ab41ab-b357-494d-a941-1102bc6f4411/air-force-1-x-serena-williams-design-crew-shoes-XH4MP1.png,https://static.nike.com/a/images/t_default/e0dcfcd3-2f0b-4f1b-9adb-240c86d45983/air-force-1-x-serena-williams-design-crew-shoes-XH4MP1.png,https://static.nike.com/a/images/t_default/06b16174-bc70-49f4-9616-696f163ff9f1/air-force-1-x-serena-williams-design-crew-shoes-XH4MP1.png
14292149,Nike Air Force 1 High '07 Premium,Men's Shoes,165,Grey,True,https://static.nike.com/a/images/t_default/88f3977c-85df-4a1f-80d1-6ff78b8803e3/air-force-1-high-07-premium-mens-shoes-ccR9rH.png,https://static.nike.com/a/images/t_default/ab13c652-0ae7-4290-9b13-a0d679a9f703/air-force-1-high-07-premium-mens-shoes-ccR9rH.png,https://static.nike.com/a/images/t_default/b9bb677c-ee1e-43e3-ab62-8c6b2f6e1a31/air-force-1-high-07-premium-mens-shoes-ccR9rH.png,https://static.nike.com/a/images/t_default/95445e51-e372-414b-9d89-3f96daef096a/air-force-1-high-07-premium-mens-shoes-ccR9rH.png
1012328643,Nike Air Force 1 LX,Women's Shoes,120,White,True,https://static.nike.com/a/images/t_default/aca2a694-4443-43da-85f6-32c561aa1805/air-force-1-lx-womens-shoes-qRLqSW.png,https://static.nike.com/a/images/t_default/93d0e70c-a251-48e4-81a6-8c28730c0606/air-force-1-lx-womens-shoes-qRLqSW.png,https://static.nike.com/a/images/t_default/dc0ab1af-c476-47bc-8689-fcde8d14d17a/air-force-1-lx-womens-shoes-qRLqSW.png,https://static.nike.com/a/images/t_default/c61deccc-9fba-4d33-8e52-7dee89103cd3/air-force-1-lx-womens-shoes-qRLqSW.png
